card_id,front,back,answer,russian,japanese,pos,imperfective,perfective,source_rounds,source_sections,tags,needs_review,include_in_app
app500_m0001,встава́ть — встать,"答え：起きる／立ち上がる
品詞：動詞
不完了体：встава́ть
完了体：встать
出題回：60;64;84
文脈：動詞の体・時制選択",起きる／立ち上がる,встава́ть — встать,起きる／立ち上がる,動詞,встава́ть,встать,60;64;84,文法II,ロシア語2級;verb;動詞;複数回,要確認,候補
app500_m0002,выходи́ть — вы́йти,"答え：出る
品詞：動詞
不完了体：выходи́ть
完了体：вы́йти
出題回：60
文脈：動詞の体・時制選択",出る,выходи́ть — вы́йти,出る,動詞,выходи́ть,вы́йти,60,文法II,ロシア語2級;verb;動詞;第60回,要確認,候補
app500_m0003,говори́ть — сказа́ть,"答え：話す／言う
品詞：動詞
不完了体：говори́ть
完了体：сказа́ть
出題回：60
文脈：動詞の体・時制選択",話す／言う,говори́ть — сказа́ть,話す／言う,動詞,говори́ть,сказа́ть,60,文法II,ロシア語2級;verb;動詞;第60回,要確認,候補
app500_m0004,гото́вить — пригото́вить,"答え：準備する／料理する
品詞：動詞
不完了体：гото́вить
完了体：пригото́вить
出題回：60
文脈：動詞の体・時制選択",準備する／料理する,гото́вить — пригото́вить,準備する／料理する,動詞,гото́вить,пригото́вить,60,文法II,ロシア語2級;verb;動詞;第60回,要確認,候補
app500_m0005,де́лать — сде́лать,"答え：する／作る
品詞：動詞
不完了体：де́лать
完了体：сде́лать
出題回：60
文脈：動詞の体・時制選択",する／作る,де́лать — сде́лать,する／作る,動詞,де́лать,сде́лать,60,文法II,ロシア語2級;verb;動詞;第60回,要確認,候補
app500_m0006,закрыва́ть — закры́ть,"答え：閉める
品詞：動詞
不完了体：закрыва́ть
完了体：закры́ть
出題回：60
文脈：動詞の体・時制選択",閉める,закрыва́ть — закры́ть,閉める,動詞,закрыва́ть,закры́ть,60,文法II,ロシア語2級;verb;動詞;第60回,要確認,候補
app500_m0007,изменя́ться — измени́ться,"答え：変わる
品詞：動詞
不完了体：изменя́ться
完了体：измени́ться
出題回：60
文脈：動詞の体・時制選択",変わる,изменя́ться — измени́ться,変わる,動詞,изменя́ться,измени́ться,60,文法II,ロシア語2級;verb;動詞;第60回,要確認,候補
app500_m0008,приводи́ть — привести́,"答え：連れてくる／導く
品詞：動詞
不完了体：приводи́ть
完了体：привести́
出題回：60
文脈：動詞の体・時制選択",連れてくる／導く,приводи́ть — привести́,連れてくる／導く,動詞,приводи́ть,привести́,60,文法II,ロシア語2級;verb;動詞;第60回,要確認,候補
app500_m0009,спеши́ть — поспеши́ть,"答え：急ぐ
品詞：動詞
不完了体：спеши́ть
完了体：поспеши́ть
出題回：60
文脈：動詞の体・時制選択",急ぐ,спеши́ть — поспеши́ть,急ぐ,動詞,спеши́ть,поспеши́ть,60,文法II,ロシア語2級;verb;動詞;第60回,要確認,候補
app500_m0010,возвраща́ться — верну́ться,"答え：戻る
品詞：動詞
不完了体：возвраща́ться
完了体：верну́ться
出題回：60;62
文脈：動詞の体・時制選択",戻る,возвраща́ться — верну́ться,戻る,動詞,возвраща́ться,верну́ться,60;62,文法II,ロシア語2級;verb;動詞;複数回,要確認,候補
app500_m0011,ока́нчивать — око́нчить,"答え：終える
品詞：動詞
不完了体：ока́нчивать
完了体：око́нчить
出題回：60
文脈：動詞の体・時制選択",終える,ока́нчивать — око́нчить,終える,動詞,ока́нчивать,око́нчить,60,文法II,ロシア語2級;verb;動詞;第60回,要確認,候補
app500_m0012,проверя́ть — прове́рить,"答え：確認する
品詞：動詞
不完了体：проверя́ть
完了体：прове́рить
出題回：60
文脈：動詞の体・時制選択",確認する,проверя́ть — прове́рить,確認する,動詞,проверя́ть,прове́рить,60,文法II,ロシア語2級;verb;動詞;第60回,要確認,候補
app500_m0013,уезжа́ть — уе́хать,"答え：出発する／去る
品詞：動詞
不完了体：уезжа́ть
完了体：уе́хать
出題回：60
文脈：動詞の体・時制選択",出発する／去る,уезжа́ть — уе́хать,出発する／去る,動詞,уезжа́ть,уе́хать,60,文法II,ロシア語2級;verb;動詞;第60回,要確認,候補
app500_m0014,чита́ть — прочита́ть,"答え：読む
品詞：動詞
不完了体：чита́ть
完了体：прочита́ть
出題回：60
文脈：動詞の体・時制選択",読む,чита́ть — прочита́ть,読む,動詞,чита́ть,прочита́ть,60,文法II,ロシア語2級;verb;動詞;第60回,要確認,候補
app500_m0015,включа́ть — включи́ть,"答え：つける／含める
品詞：動詞
不完了体：включа́ть
完了体：включи́ть
出題回：62
文脈：動詞の体・時制選択",つける／含める,включа́ть — включи́ть,つける／含める,動詞,включа́ть,включи́ть,62,文法II,ロシア語2級;verb;動詞;第62回,要確認,候補
app500_m0016,входи́ть — войти́,"答え：入る
品詞：動詞
不完了体：входи́ть
完了体：войти́
出題回：62;84
文脈：動詞の体・時制選択",入る,входи́ть — войти́,入る,動詞,входи́ть,войти́,62;84,文法II,ロシア語2級;verb;動詞;複数回,要確認,候補
app500_m0017,конча́ться — ко́нчиться,"答え：終わる
品詞：動詞
不完了体：конча́ться
完了体：ко́нчиться
出題回：62
文脈：動詞の体・時制選択",終わる,конча́ться — ко́нчиться,終わる,動詞,конча́ться,ко́нчиться,62,文法II,ロシア語2級;verb;動詞;第62回,要確認,候補
app500_m0018,открыва́ть — откры́ть,"答え：開ける／開く
品詞：動詞
不完了体：открыва́ть
完了体：откры́ть
出題回：62
文脈：動詞の体・時制選択",開ける／開く,открыва́ть — откры́ть,開ける／開く,動詞,открыва́ть,откры́ть,62,文法II,ロシア語2級;verb;動詞;第62回,要確認,候補
app500_m0019,перевози́ть — перевезти́,"答え：運ぶ
品詞：動詞
不完了体：перевози́ть
完了体：перевезти́
出題回：62
文脈：動詞の体・時制選択",運ぶ,перевози́ть — перевезти́,運ぶ,動詞,перевози́ть,перевезти́,62,文法II,ロシア語2級;verb;動詞;第62回,要確認,候補
app500_m0020,расска́зывать — рассказа́ть,"答え：話す／語る
品詞：動詞
不完了体：расска́зывать
完了体：рассказа́ть
出題回：62
文脈：動詞の体・時制選択",話す／語る,расска́зывать — рассказа́ть,話す／語る,動詞,расска́зывать,рассказа́ть,62,文法II,ロシア語2級;verb;動詞;第62回,要確認,候補
app500_m0021,спо́рить — поспо́рить,"答え：議論する
品詞：動詞
不完了体：спо́рить
完了体：поспо́рить
出題回：62;64
文脈：動詞の体・時制選択",議論する,спо́рить — поспо́рить,議論する,動詞,спо́рить,поспо́рить,62;64,文法II,ロシア語2級;verb;動詞;複数回,要確認,候補
app500_m0022,станови́ться — стать,"答え：〜になる
品詞：動詞
不完了体：станови́ться
完了体：стать
出題回：62
文脈：動詞の体・時制選択",〜になる,станови́ться — стать,〜になる,動詞,станови́ться,стать,62,文法II,ロシア語2級;verb;動詞;第62回,要確認,候補
app500_m0023,улета́ть — улете́ть,"答え：飛び去る／出発する
品詞：動詞
不完了体：улета́ть
完了体：улете́ть
出題回：62
文脈：動詞の体・時制選択",飛び去る／出発する,улета́ть — улете́ть,飛び去る／出発する,動詞,улета́ть,улете́ть,62,文法II,ロシア語2級;verb;動詞;第62回,要確認,候補
app500_m0024,за́втракать — поза́втракать,"答え：朝食をとる
品詞：動詞
不完了体：за́втракать
完了体：поза́втракать
出題回：64
文脈：動詞の体・時制選択",朝食をとる,за́втракать — поза́втракать,朝食をとる,動詞,за́втракать,поза́втракать,64,文法II,ロシア語2級;verb;動詞;第64回,要確認,候補
app500_m0025,заезжа́ть — зае́хать,"答え：立ち寄る／車で入る
品詞：動詞
不完了体：заезжа́ть
完了体：зае́хать
出題回：64
文脈：動詞の体・時制選択",立ち寄る／車で入る,заезжа́ть — зае́хать,立ち寄る／車で入る,動詞,заезжа́ть,зае́хать,64,文法II,ロシア語2級;verb;動詞;第64回,要確認,候補
app500_m0026,нра́виться — понра́виться,"答え：気に入る
品詞：動詞
不完了体：нра́виться
完了体：понра́виться
出題回：64
文脈：動詞の体・時制選択",気に入る,нра́виться — понра́виться,気に入る,動詞,нра́виться,понра́виться,64,文法II,ロシア語2級;verb;動詞;第64回,要確認,候補
app500_m0027,объясня́ть — объясни́ть,"答え：説明する
品詞：動詞
不完了体：объясня́ть
完了体：объясни́ть
出題回：64
文脈：動詞の体・時制選択",説明する,объясня́ть — объясни́ть,説明する,動詞,объясня́ть,объясни́ть,64,文法II,ロシア語2級;verb;動詞;第64回,要確認,候補
app500_m0028,па́дать — упа́сть,"答え：落ちる／倒れる
品詞：動詞
不完了体：па́дать
完了体：упа́сть
出題回：64
文脈：動詞の体・時制選択",落ちる／倒れる,па́дать — упа́сть,落ちる／倒れる,動詞,па́дать,упа́сть,64,文法II,ロシア語2級;verb;動詞;第64回,要確認,候補
app500_m0029,писа́ть — написа́ть,"答え：書く
品詞：動詞
不完了体：писа́ть
完了体：написа́ть
出題回：64
文脈：動詞の体・時制選択",書く,писа́ть — написа́ть,書く,動詞,писа́ть,написа́ть,64,文法II,ロシア語2級;verb;動詞;第64回,要確認,候補
app500_m0030,смотре́ть — посмотре́ть,"答え：見る
品詞：動詞
不完了体：смотре́ть
完了体：посмотре́ть
出題回：64
文脈：動詞の体・時制選択",見る,смотре́ть — посмотре́ть,見る,動詞,смотре́ть,посмотре́ть,64,文法II,ロシア語2級;verb;動詞;第64回,要確認,候補
app500_m0031,уходи́ть — уйти́,"答え：去る／出て行く
品詞：動詞
不完了体：уходи́ть
完了体：уйти́
出題回：64
文脈：動詞の体・時制選択",去る／出て行く,уходи́ть — уйти́,去る／出て行く,動詞,уходи́ть,уйти́,64,文法II,ロシア語2級;verb;動詞;第64回,要確認,候補
app500_m0032,бра́ть — взять,"答え：取る
品詞：動詞
不完了体：бра́ть
完了体：взять
出題回：84
文脈：動詞の体・時制選択",取る,бра́ть — взять,取る,動詞,бра́ть,взять,84,文法II,ロシア語2級;verb;動詞;第84回,要確認,候補
app500_m0033,встреча́ть — встре́тить,"答え：会う／迎える
品詞：動詞
不完了体：встреча́ть
完了体：встре́тить
出題回：84
文脈：動詞の体・時制選択",会う／迎える,встреча́ть — встре́тить,会う／迎える,動詞,встреча́ть,встре́тить,84,文法II,ロシア語2級;verb;動詞;第84回,要確認,候補
app500_m0034,заходи́ть — зайти́,"答え：立ち寄る／入る
品詞：動詞
不完了体：заходи́ть
完了体：зайти́
出題回：84
文脈：動詞の体・時制選択",立ち寄る／入る,заходи́ть — зайти́,立ち寄る／入る,動詞,заходи́ть,зайти́,84,文法II,ロシア語2級;verb;動詞;第84回,要確認,候補
app500_m0035,изуча́ть — изучи́ть,"答え：学ぶ／研究する
品詞：動詞
不完了体：изуча́ть
完了体：изучи́ть
出題回：84
文脈：動詞の体・時制選択",学ぶ／研究する,изуча́ть — изучи́ть,学ぶ／研究する,動詞,изуча́ть,изучи́ть,84,文法II,ロシア語2級;verb;動詞;第84回,要確認,候補
app500_m0036,ложи́ться — лечь,"答え：横になる／寝る
品詞：動詞
不完了体：ложи́ться
完了体：лечь
出題回：84
文脈：動詞の体・時制選択",横になる／寝る,ложи́ться — лечь,横になる／寝る,動詞,ложи́ться,лечь,84,文法II,ロシア語2級;verb;動詞;第84回,要確認,候補
app500_m0037,начина́ться — нача́ться,"答え：始まる
品詞：動詞
不完了体：начина́ться
完了体：нача́ться
出題回：84
文脈：動詞の体・時制選択",始まる,начина́ться — нача́ться,始まる,動詞,начина́ться,нача́ться,84,文法II,ロシア語2級;verb;動詞;第84回,要確認,候補
app500_m0038,сдава́ть — сдать,"答え：提出する／受験する／引き渡す
品詞：動詞
不完了体：сдава́ть
完了体：сдать
出題回：84
文脈：動詞の体・時制選択",提出する／受験する／引き渡す,сдава́ть — сдать,提出する／受験する／引き渡す,動詞,сдава́ть,сдать,84,文法II,ロシア語2級;verb;動詞;第84回,要確認,候補
app500_m0039,чи́стить — почи́стить,"答え：掃除する／磨く
品詞：動詞
不完了体：чи́стить
完了体：почи́стить
出題回：84
文脈：動詞の体・時制選択",掃除する／磨く,чи́стить — почи́стить,掃除する／磨く,動詞,чи́стить,почи́стить,84,文法II,ロシア語2級;verb;動詞;第84回,要確認,候補
app500_m0040,Земля́,"答え：地球
品詞：名詞
性：女性
出題回：84
文脈：空・大気・太陽光の散乱",地球,Земля́,地球,名詞,,,84,文法I,ロシア語2級;vocab;名詞;第84回,要確認,候補
app500_m0041,Со́лнце,"答え：太陽
品詞：名詞
性：中性
出題回：84
文脈：空・大気・太陽光の散乱",太陽,Со́лнце,太陽,名詞,,,84,文法I,ロシア語2級;vocab;名詞;第84回,要確認,候補
app500_m0042,а́тмосфе́ра,"答え：大気
品詞：名詞
性：女性
出題回：84
文脈：空・大気・太陽光の散乱",大気,а́тмосфе́ра,大気,名詞,,,84,文法I,ロシア語2級;vocab;名詞;第84回,要確認,候補
app500_m0043,прозра́чный,"答え：透明な
品詞：形容詞
出題回：84
文脈：空・大気・太陽光の散乱",透明な,прозра́чный,透明な,形容詞,,,84,文法I,ロシア語2級;vocab;形容詞;第84回,要確認,候補
app500_m0044,плане́та,"答え：惑星
品詞：名詞
性：女性
出題回：84
文脈：地球・惑星",惑星,плане́та,惑星,名詞,,,84,文法I,ロシア語2級;vocab;名詞;第84回,要確認,候補
app500_m0045,челове́ческий глаз,"答え：人間の目
品詞：名詞句
性：男性
出題回：84
文脈：視覚・太陽光",人間の目,челове́ческий глаз,人間の目,名詞句,,,84,文法I,ロシア語2級;vocab;名詞句;第84回,要確認,候補
app500_m0046,па́смурная пого́да,"答え：曇りの天気
品詞：名詞句
性：女性
出題回：84
文脈：天候",曇りの天気,па́смурная пого́да,曇りの天気,名詞句,,,84,文法I,ロシア語2級;vocab;名詞句;第84回,要確認,候補
app500_m0047,горизо́нт,"答え：地平線
品詞：名詞
性：男性
出題回：84
文脈：自然・視界",地平線,горизо́нт,地平線,名詞,,,84,文法I,ロシア語2級;vocab;名詞;第84回,要確認,候補
app500_m0048,тури́ст,"答え：観光客
品詞：名詞
性：男性
出題回：84
文脈：富士山・オーバーツーリズム",観光客,тури́ст,観光客,名詞,,,84,文法III,ロシア語2級;vocab;名詞;第84回,要確認,候補
app500_m0049,Фудзия́ма,"答え：富士山
品詞：固有名詞
性：女性
出題回：84
文脈：富士山・オーバーツーリズム",富士山,Фудзия́ма,富士山,固有名詞,,,84,文法III,ロシア語2級;vocab;固有名詞;第84回,要確認,候補
app500_m0050,смартфо́н,"答え：スマホ
品詞：名詞
性：男性
出題回：84
文脈：夏休み・スマホ利用制限",スマホ,смартфо́н,スマホ,名詞,,,84,露文和訳,ロシア語2級;vocab;名詞;第84回,要確認,候補
app500_m0051,кани́кулы,"答え：休暇／休み
品詞：名詞
出題回：84;76
文脈：夏休み・季節",休暇／休み,кани́кулы,休暇／休み,名詞,,,84;76,露文和訳;聴取,ロシア語2級;vocab;名詞;複数回,要確認,候補
app500_m0052,психо́лог,"答え：心理学者
品詞：名詞
性：男性
出題回：84
文脈：心理学者スミルノワ",心理学者,психо́лог,心理学者,名詞,,,84,露文和訳,ロシア語2級;vocab;名詞;第84回,要確認,候補
app500_m0053,стре́сс,"答え：ストレス
品詞：名詞
性：男性
出題回：84
文脈：夏休み・回復",ストレス,стре́сс,ストレス,名詞,,,84,露文和訳,ロシア語2級;vocab;名詞;第84回,要確認,候補
app500_m0054,тури́ст,"答え：観光客
品詞：名詞
性：男性
出題回：84
文脈：イタリア・スペイン旅行",観光客,тури́ст,観光客,名詞,,,84,和文露訳,ロシア語2級;vocab;名詞;第84回,要確認,候補
app500_m0055,вре́мена го́да,"答え：四季
品詞：名詞句
出題回：76;68
文脈：ロシアの四季",四季,вре́мена го́да,四季,名詞句,,,76;68,聴取,ロシア語2級;vocab;名詞句;複数回,要確認,候補
app500_m0056,зима́,"答え：冬
品詞：名詞
性：女性
出題回：76
文脈：季節",冬,зима́,冬,名詞,,,76,聴取,ロシア語2級;vocab;名詞;第76回,要確認,候補
app500_m0057,весна́,"答え：春
品詞：名詞
性：女性
出題回：76
文脈：季節",春,весна́,春,名詞,,,76,聴取,ロシア語2級;vocab;名詞;第76回,要確認,候補
app500_m0058,ле́то,"答え：夏
品詞：名詞
性：中性
出題回：76
文脈：季節",夏,ле́то,夏,名詞,,,76,聴取,ロシア語2級;vocab;名詞;第76回,要確認,候補
app500_m0059,о́сень,"答え：秋
品詞：名詞
性：女性
出題回：76
文脈：季節",秋,о́сень,秋,名詞,,,76,聴取,ロシア語2級;vocab;名詞;第76回,要確認,候補
app500_m0060,зо́лотая о́сень,"答え：黄金の秋
品詞：名詞句
性：女性
出題回：76
文脈：季節・紅葉",黄金の秋,зо́лотая о́сень,黄金の秋,名詞句,,,76,聴取,ロシア語2級;vocab;名詞句;第76回,要確認,候補
app500_m0061,снег,"答え：雪
品詞：名詞
性：男性
出題回：76
文脈：冬",雪,снег,雪,名詞,,,76,聴取,ロシア語2級;vocab;名詞;第76回,要確認,候補
app500_m0062,лёд,"答え：氷
品詞：名詞
性：男性
出題回：76
文脈：冬",氷,лёд,氷,名詞,,,76,聴取,ロシア語2級;vocab;名詞;第76回,要確認,候補
app500_m0063,ве́лосипе́д,"答え：自転車
品詞：名詞
性：男性
出題回：76
文脈：夏の活動",自転車,ве́лосипе́д,自転車,名詞,,,76,聴取,ロシア語2級;vocab;名詞;第76回,要確認,候補
app500_m0064,пла́вать,"答え：泳ぐ
品詞：動詞
出題回：76
文脈：夏の活動",泳ぐ,пла́вать,泳ぐ,動詞,,,76,聴取,ロシア語2級;vocab;動詞;第76回,要確認,候補
app500_m0065,горо́д,"答え：町／都市
品詞：名詞
性：男性
出題回：76
文脈：私の好きな町",町／都市,горо́д,町／都市,名詞,,,76,口頭作文,ロシア語2級;vocab;名詞;第76回,要確認,候補
app500_m0066,Моско́вский университе́т,"答え：モスクワ大学
品詞：固有名詞句
性：男性
出題回：64
文脈：創立250周年",モスクワ大学,Моско́вский университе́т,モスクワ大学,固有名詞句,,,64,文法I,ロシア語2級;vocab;固有名詞句;第64回,要確認,候補
app500_m0067,университе́т,"答え：大学
品詞：名詞
性：男性
出題回：64
文脈：モスクワ大学",大学,университе́т,大学,名詞,,,64,文法I,ロシア語2級;vocab;名詞;第64回,要確認,候補
app500_m0068,библиоте́ка,"答え：図書館
品詞：名詞
性：女性
出題回：64;86
文脈：大学・本・図書館",図書館,библиоте́ка,図書館,名詞,,,64;86,文法I;頻出語彙,ロシア語2級;vocab;名詞;複数回,要確認,候補
app500_m0069,аудито́рия,"答え：講堂／教室
品詞：名詞
性：女性
出題回：64
文脈：教育棟・講堂",講堂／教室,аудито́рия,講堂／教室,名詞,,,64,文法I,ロシア語2級;vocab;名詞;第64回,要確認,候補
app500_m0070,уче́бный ко́рпус,"答え：教育棟
品詞：名詞句
性：男性
出題回：64
文脈：大学施設",教育棟,уче́бный ко́рпус,教育棟,名詞句,,,64,文法I,ロシア語2級;vocab;名詞句;第64回,要確認,候補
app500_m0071,лаборато́рия,"答え：研究室／実験室
品詞：名詞
性：女性
出題回：64
文脈：大学施設",研究室／実験室,лаборато́рия,研究室／実験室,名詞,,,64,文法I,ロシア語2級;vocab;名詞;第64回,要確認,候補
app500_m0072,подзе́мный гара́ж,"答え：地下駐車場
品詞：名詞句
性：男性
出題回：64
文脈：大学施設",地下駐車場,подзе́мный гара́ж,地下駐車場,名詞句,,,64,文法I,ロシア語2級;vocab;名詞句;第64回,要確認,候補
app500_m0073,уче́бник,"答え：教科書
品詞：名詞
性：男性
出題回：62;64
文脈：日本語教育・大学教科書",教科書,уче́бник,教科書,名詞,,,62;64,文法I,ロシア語2級;vocab;名詞;複数回,要確認,候補
app500_m0074,кла́ссика,"答え：古典
品詞：名詞
性：女性
出題回：64
文脈：大学文学・古典",古典,кла́ссика,古典,名詞,,,64,文法I,ロシア語2級;vocab;名詞;第64回,要確認,候補
app500_m0075,автомоби́ль,"答え：自動車
品詞：名詞
性：男性
出題回：64
文脈：日本の自動車普及",自動車,автомоби́ль,自動車,名詞,,,64,露文和訳,ロシア語2級;vocab;名詞;第64回,要確認,候補
app500_m0076,стира́льная маши́на,"答え：洗濯機
品詞：名詞句
性：女性
出題回：64
文脈：三種の神器",洗濯機,стира́льная маши́на,洗濯機,名詞句,,,64,露文和訳,ロシア語2級;vocab;名詞句;第64回,要確認,候補
app500_m0077,холоди́льник,"答え：冷蔵庫
品詞：名詞
性：男性
出題回：64
文脈：三種の神器",冷蔵庫,холоди́льник,冷蔵庫,名詞,,,64,露文和訳,ロシア語2級;vocab;名詞;第64回,要確認,候補
app500_m0078,чёрно-бе́лый телеви́зор,"答え：白黒テレビ
品詞：名詞句
性：男性
出題回：64
文脈：三種の神器",白黒テレビ,чёрно-бе́лый телеви́зор,白黒テレビ,名詞句,,,64,露文和訳,ロシア語2級;vocab;名詞句;第64回,要確認,候補
app500_m0079,бума́жная кни́га,"答え：紙の本
品詞：名詞句
性：女性
出題回：64
文脈：紙の本と電子書籍",紙の本,бума́жная кни́га,紙の本,名詞句,,,64,和文露訳,ロシア語2級;vocab;名詞句;第64回,要確認,候補
app500_m0080,электро́нная кни́га,"答え：電子書籍
品詞：名詞句
性：女性
出題回：64
文脈：紙の本と電子書籍",電子書籍,электро́нная кни́га,電子書籍,名詞句,,,64,和文露訳,ロシア語2級;vocab;名詞句;第64回,要確認,候補
app500_m0081,неви́димая нить,"答え：見えない糸
品詞：名詞句
性：女性
出題回：64
文脈：紙の本の温もり",見えない糸,неви́димая нить,見えない糸,名詞句,,,64,和文露訳,ロシア語2級;vocab;名詞句;第64回,要確認,候補
app500_m0082,робот,"答え：ロボット
品詞：名詞
性：男性
出題回：64
文脈：ロボットについて",ロボット,робот,ロボット,名詞,,,64,口頭作文,ロシア語2級;vocab;名詞;第64回,要確認,候補
app500_m0083,япо́нский язы́к,"答え：日本語
品詞：名詞句
性：男性
出題回：62
文脈：日本語教育",日本語,япо́нский язы́к,日本語,名詞句,,,62,文法I,ロシア語2級;vocab;名詞句;第62回,要確認,候補
app500_m0084,филоло́гия,"答え：文献学
品詞：名詞
性：女性
出題回：62
文脈：日本語教育・専攻",文献学,филоло́гия,文献学,名詞,,,62,文法I,ロシア語2級;vocab;名詞;第62回,要確認,候補
app500_m0085,интерне́т,"答え：インターネット
品詞：名詞
性：男性
出題回：62
文脈：教材・交流",インターネット,интерне́т,インターネット,名詞,,,62,文法I,ロシア語2級;vocab;名詞;第62回,要確認,候補
app500_m0086,о́бмен,"答え：交流／交換
品詞：名詞
性：男性
出題回：62
文脈：日本との交流",交流／交換,о́бмен,交流／交換,名詞,,,62,文法I,ロシア語2級;vocab;名詞;第62回,要確認,候補
app500_m0087,слова́рный запа́с,"答え：語彙力／語彙量
品詞：名詞句
性：男性
出題回：62
文脈：語彙学習",語彙力／語彙量,слова́рный запа́с,語彙力／語彙量,名詞句,,,62,露文和訳,ロシア語2級;vocab;名詞句;第62回,要確認,候補
app500_m0088,повторе́ние,"答え：反復
品詞：名詞
性：中性
出題回：62
文脈：語彙学習",反復,повторе́ние,反復,名詞,,,62,露文和訳,ロシア語2級;vocab;名詞;第62回,要確認,候補
app500_m0089,систе́матически,"答え：体系的に
品詞：副詞
出題回：62
文脈：毎日学ぶ",体系的に,систе́матически,体系的に,副詞,,,62,露文和訳,ロシア語2級;vocab;副詞;第62回,要確認,候補
app500_m0090,общежи́тие,"答え：寮
品詞：名詞
性：中性
出題回：62
文脈：大学生アンドレイ",寮,общежи́тие,寮,名詞,,,62,聴取,ロシア語2級;vocab;名詞;第62回,要確認,候補
app500_m0091,кварти́ра,"答え：アパート／住居
品詞：名詞
性：女性
出題回：62
文脈：大学生アンドレイ",アパート／住居,кварти́ра,アパート／住居,名詞,,,62,聴取,ロシア語2級;vocab;名詞;第62回,要確認,候補
app500_m0092,парк,"答え：公園
品詞：名詞
性：男性
出題回：62
文脈：大学近くの小さなアパート",公園,парк,公園,名詞,,,62,聴取,ロシア語2級;vocab;名詞;第62回,要確認,候補
app500_m0093,письмо́,"答え：手紙
品詞：名詞
性：中性
出題回：62
文脈：手紙について",手紙,письмо́,手紙,名詞,,,62,口頭作文,ロシア語2級;vocab;名詞;第62回,要確認,候補
app500_m0094,ко́шка,"答え：猫
品詞：名詞
性：女性
出題回：78
文脈：猫カフェと動物保護法",猫,ко́шка,猫,名詞,,,78,露文和訳,ロシア語2級;vocab;名詞;第78回,要確認,候補
app500_m0095,кафе́,"答え：カフェ
品詞：名詞
性：中性
出題回：78
文脈：猫カフェ",カフェ,кафе́,カフェ,名詞,,,78,露文和訳,ロシア語2級;vocab;名詞;第78回,要確認,候補
app500_m0096,защи́та живо́тных,"答え：動物保護
品詞：名詞句
性：女性
出題回：78
文脈：動物保護法",動物保護,защи́та живо́тных,動物保護,名詞句,,,78,露文和訳,ロシア語2級;vocab;名詞句;第78回,要確認,候補
app500_m0097,чита́ть,"答え：読む
品詞：動詞
出題回：78
文脈：読書嫌いの克服",読む,чита́ть,読む,動詞,,,78,和文露訳,ロシア語2級;vocab;動詞;第78回,要確認,候補
app500_m0098,телефо́н,"答え：電話
品詞：名詞
性：男性
出題回：78
文脈：私と電話",電話,телефо́н,電話,名詞,,,78,口頭作文,ロシア語2級;vocab;名詞;第78回,要確認,候補
app500_m0099,гео́лог,"答え：地質学者
品詞：名詞
性：男性
出題回：78
文脈：ヴィクトルと地質学者",地質学者,гео́лог,地質学者,名詞,,,78,聴取,ロシア語2級;vocab;名詞;第78回,要確認,候補
app500_m0100,а́нима́ция,"答え：アニメーション
品詞：名詞
性：女性
出題回：86
文脈：第86回テーマ語彙",アニメーション,а́нима́ция,アニメーション,名詞,,,86,頻出語彙,ロシア語2級;vocab;名詞;第86回,要確認,候補
app500_m0101,гриб,"答え：きのこ
品詞：名詞
性：男性
出題回：86
文脈：第86回テーマ語彙",きのこ,гриб,きのこ,名詞,,,86,頻出語彙,ロシア語2級;vocab;名詞;第86回,要確認,候補
app500_m0102,аре́ст,"答え：逮捕
品詞：名詞
性：男性
出題回：60
文脈：第60回テーマ語彙",逮捕,аре́ст,逮捕,名詞,,,60,頻出語彙,ロシア語2級;vocab;名詞;第60回,要確認,候補
app500_m0103,боя́ться,"答え：〜を恐れる
品詞：動詞
格支配：生格
出題回：78;過去弱点
文脈：боя́ться + 生格",〜を恐れる,боя́ться,〜を恐れる,動詞,,,78;過去弱点,格支配,ロシア語2級;case;動詞;複数回,要確認,候補
app500_m0104,ждать,"答え：〜を待つ
品詞：動詞
格支配：生格
出題回：78;過去弱点
文脈：ждать + 生格",〜を待つ,ждать,〜を待つ,動詞,,,78;過去弱点,格支配,ロシア語2級;case;動詞;複数回,要確認,候補
app500_m0105,интересова́ться,"答え：〜に興味を持つ
品詞：動詞
格支配：造格
出題回：2級共通
文脈：интересоваться + 造格",〜に興味を持つ,интересова́ться,〜に興味を持つ,動詞,,,2級共通,格支配,ロシア語2級;case;動詞;第2級共通回,要確認,候補
app500_m0106,ду́мать о + Предл.,"答え：〜について考える
品詞：表現
格支配：前置格
出題回：2級共通
文脈：о + 前置格",〜について考える,ду́мать о + Предл.,〜について考える,表現,,,2級共通,格支配,ロシア語2級;case;表現;第2級共通回,要確認,候補
app500_m0107,第60回 未整理語彙,"答え：第60回の未整理語彙を追加
出題回：60
文脈：この回の文法I〜IV・露文和訳・和文露訳・聴取・口頭作文から追加していく",第60回の未整理語彙を追加,第60回 未整理語彙,第60回の未整理語彙を追加,,,,60,未整理,ロシア語2級;todo;第60回,要確認,除外
app500_m0108,第62回 未整理語彙,"答え：第62回の未整理語彙を追加
出題回：62
文脈：この回の文法I〜IV・露文和訳・和文露訳・聴取・口頭作文から追加していく",第62回の未整理語彙を追加,第62回 未整理語彙,第62回の未整理語彙を追加,,,,62,未整理,ロシア語2級;todo;第62回,要確認,除外
app500_m0109,第64回 未整理語彙,"答え：第64回の未整理語彙を追加
出題回：64
文脈：この回の文法I〜IV・露文和訳・和文露訳・聴取・口頭作文から追加していく",第64回の未整理語彙を追加,第64回 未整理語彙,第64回の未整理語彙を追加,,,,64,未整理,ロシア語2級;todo;第64回,要確認,除外
app500_m0110,第66回 未整理語彙,"答え：第66回の未整理語彙を追加
出題回：66
文脈：この回の文法I〜IV・露文和訳・和文露訳・聴取・口頭作文から追加していく",第66回の未整理語彙を追加,第66回 未整理語彙,第66回の未整理語彙を追加,,,,66,未整理,ロシア語2級;todo;第66回,要確認,除外
app500_m0111,第68回 未整理語彙,"答え：第68回の未整理語彙を追加
出題回：68
文脈：この回の文法I〜IV・露文和訳・和文露訳・聴取・口頭作文から追加していく",第68回の未整理語彙を追加,第68回 未整理語彙,第68回の未整理語彙を追加,,,,68,未整理,ロシア語2級;todo;第68回,要確認,除外
app500_m0112,第70回 未整理語彙,"答え：第70回の未整理語彙を追加
出題回：70
文脈：この回の文法I〜IV・露文和訳・和文露訳・聴取・口頭作文から追加していく",第70回の未整理語彙を追加,第70回 未整理語彙,第70回の未整理語彙を追加,,,,70,未整理,ロシア語2級;todo;第70回,要確認,除外
app500_m0113,第72回 未整理語彙,"答え：第72回の未整理語彙を追加
出題回：72
文脈：この回の文法I〜IV・露文和訳・和文露訳・聴取・口頭作文から追加していく",第72回の未整理語彙を追加,第72回 未整理語彙,第72回の未整理語彙を追加,,,,72,未整理,ロシア語2級;todo;第72回,要確認,除外
app500_m0114,第74回 未整理語彙,"答え：第74回の未整理語彙を追加
出題回：74
文脈：この回の文法I〜IV・露文和訳・和文露訳・聴取・口頭作文から追加していく",第74回の未整理語彙を追加,第74回 未整理語彙,第74回の未整理語彙を追加,,,,74,未整理,ロシア語2級;todo;第74回,要確認,除外
app500_m0115,第76回 未整理語彙,"答え：第76回の未整理語彙を追加
出題回：76
文脈：この回の文法I〜IV・露文和訳・和文露訳・聴取・口頭作文から追加していく",第76回の未整理語彙を追加,第76回 未整理語彙,第76回の未整理語彙を追加,,,,76,未整理,ロシア語2級;todo;第76回,要確認,除外
app500_m0116,第78回 未整理語彙,"答え：第78回の未整理語彙を追加
出題回：78
文脈：この回の文法I〜IV・露文和訳・和文露訳・聴取・口頭作文から追加していく",第78回の未整理語彙を追加,第78回 未整理語彙,第78回の未整理語彙を追加,,,,78,未整理,ロシア語2級;todo;第78回,要確認,除外
app500_m0117,第82回 未整理語彙,"答え：第82回の未整理語彙を追加
出題回：82
文脈：この回の文法I〜IV・露文和訳・和文露訳・聴取・口頭作文から追加していく",第82回の未整理語彙を追加,第82回 未整理語彙,第82回の未整理語彙を追加,,,,82,未整理,ロシア語2級;todo;第82回,要確認,除外
app500_m0118,第84回 未整理語彙,"答え：第84回の未整理語彙を追加
出題回：84
文脈：この回の文法I〜IV・露文和訳・和文露訳・聴取・口頭作文から追加していく",第84回の未整理語彙を追加,第84回 未整理語彙,第84回の未整理語彙を追加,,,,84,未整理,ロシア語2級;todo;第84回,要確認,除外
app500_m0119,第86回 未整理語彙,"答え：第86回の未整理語彙を追加
出題回：86
文脈：この回の文法I〜IV・露文和訳・和文露訳・聴取・口頭作文から追加していく",第86回の未整理語彙を追加,第86回 未整理語彙,第86回の未整理語彙を追加,,,,86,未整理,ロシア語2級;todo;第86回,要確認,除外
app500_m0120,обе́дать — пообе́дать,"答え：昼食をとる
品詞：動詞
不完了体：обе́дать
完了体：пообе́дать
出題回：74
出題区分：文法II
文脈：動詞の体・語彙選択",昼食をとる,обе́дать — пообе́дать,昼食をとる,動詞,обе́дать,пообе́дать,74,文法II,ロシア語2級;verb;動詞;第74回,要確認,候補
app500_m0121,одева́ться — оде́ться,"答え：服を着る
品詞：動詞
不完了体：одева́ться
完了体：оде́ться
出題回：74
出題区分：文法II
文脈：動詞の体・語彙選択",服を着る,одева́ться — оде́ться,服を着る,動詞,одева́ться,оде́ться,74,文法II,ロシア語2級;verb;動詞;第74回,要確認,候補
app500_m0122,отдыха́ть — отдохну́ть,"答え：休む
品詞：動詞
不完了体：отдыха́ть
完了体：отдохну́ть
出題回：74
出題区分：文法II
文脈：動詞の体・語彙選択",休む,отдыха́ть — отдохну́ть,休む,動詞,отдыха́ть,отдохну́ть,74,文法II,ロシア語2級;verb;動詞;第74回,要確認,候補
app500_m0123,принима́ть — приня́ть,"答え：受け取る・採用する
品詞：動詞
不完了体：принима́ть
完了体：приня́ть
出題回：74
出題区分：文法II
文脈：動詞の体・語彙選択",受け取る・採用する,принима́ть — приня́ть,受け取る・採用する,動詞,принима́ть,приня́ть,74,文法II,ロシア語2級;verb;動詞;第74回,要確認,候補
app500_m0124,сади́ться — сесть,"答え：座る・乗る
品詞：動詞
不完了体：сади́ться
完了体：сесть
出題回：74
出題区分：文法II
文脈：動詞の体・語彙選択",座る・乗る,сади́ться — сесть,座る・乗る,動詞,сади́ться,сесть,74,文法II,ロシア語2級;verb;動詞;第74回,要確認,候補
app500_m0125,спра́шивать — спроси́ть,"答え：尋ねる
品詞：動詞
不完了体：спра́шивать
完了体：спроси́ть
出題回：74
出題区分：文法II
文脈：動詞の体・語彙選択",尋ねる,спра́шивать — спроси́ть,尋ねる,動詞,спра́шивать,спроси́ть,74,文法II,ロシア語2級;verb;動詞;第74回,要確認,候補
app500_m0126,волнова́ться — взволнова́ться,"答え：心配する・動揺する
品詞：動詞
不完了体：волнова́ться
完了体：взволнова́ться
出題回：70
出題区分：文法II
文脈：動詞の体・語彙選択",心配する・動揺する,волнова́ться — взволнова́ться,心配する・動揺する,動詞,волнова́ться,взволнова́ться,70,文法II,ロシア語2級;verb;動詞;第70回,要確認,候補
app500_m0127,гото́виться — подгото́виться,"答え：準備する
品詞：動詞
不完了体：гото́виться
完了体：подгото́виться
出題回：70
出題区分：文法II
文脈：動詞の体・語彙選択",準備する,гото́виться — подгото́виться,準備する,動詞,гото́виться,подгото́виться,70,文法II,ロシア語2級;verb;動詞;第70回,要確認,候補
app500_m0128,доезжа́ть — дое́хать,"答え：乗り物で到着する
品詞：動詞
不完了体：доезжа́ть
完了体：дое́хать
出題回：70
出題区分：文法II
文脈：動詞の体・語彙選択",乗り物で到着する,доезжа́ть — дое́хать,乗り物で到着する,動詞,доезжа́ть,дое́хать,70,文法II,ロシア語2級;verb;動詞;第70回,要確認,候補
app500_m0129,запомина́ть — запо́мнить,"答え：覚える
品詞：動詞
不完了体：запомина́ть
完了体：запо́мнить
出題回：70
出題区分：文法II
文脈：動詞の体・語彙選択",覚える,запомина́ть — запо́мнить,覚える,動詞,запомина́ть,запо́мнить,70,文法II,ロシア語2級;verb;動詞;第70回,要確認,候補
app500_m0130,посеща́ть — посети́ть,"答え：訪問する・通う
品詞：動詞
不完了体：посеща́ть
完了体：посети́ть
出題回：70
出題区分：文法II
文脈：動詞の体・語彙選択",訪問する・通う,посеща́ть — посети́ть,訪問する・通う,動詞,посеща́ть,посети́ть,70,文法II,ロシア語2級;verb;動詞;第70回,要確認,候補
app500_m0131,приезжа́ть — прие́хать,"答え：到着する
品詞：動詞
不完了体：приезжа́ть
完了体：прие́хать
出題回：70
出題区分：文法II
文脈：動詞の体・語彙選択",到着する,приезжа́ть — прие́хать,到着する,動詞,приезжа́ть,прие́хать,70,文法II,ロシア語2級;verb;動詞;第70回,要確認,候補
app500_m0132,простра́нство,"答え：空間
品詞：名詞
性：中性
出題回：84
出題区分：文法I
文脈：地球・大気・太陽光",空間,простра́нство,空間,名詞,,,84,文法I,ロシア語2級;vocab;名詞;第84回,要確認,候補
app500_m0133,голубо́й,"答え：青い・空色の
品詞：形容詞
出題回：84
出題区分：文法I
文脈：地球・大気・太陽光",青い・空色の,голубо́й,青い・空色の,形容詞,,,84,文法I,ロシア語2級;vocab;形容詞;第84回,要確認,候補
app500_m0134,преиму́щественно,"答え：主に・優勢に
品詞：副詞
出題回：84
出題区分：文法I
文脈：地球・大気・太陽光",主に・優勢に,преиму́щественно,主に・優勢に,副詞,,,84,文法I,ロシア語2級;vocab;副詞;第84回,要確認,候補
app500_m0135,шко́льник,"答え：生徒・児童
品詞：名詞
性：男性
出題回：84
出題区分：露文和訳
文脈：夏休みと学習",生徒・児童,шко́льник,生徒・児童,名詞,,,84,露文和訳,ロシア語2級;vocab;名詞;第84回,要確認,候補
app500_m0136,ле́тние кани́кулы,"答え：夏休み
品詞：名詞句
数：複数
出題回：84
出題区分：露文和訳
文脈：夏休みと学習",夏休み,ле́тние кани́кулы,夏休み,名詞句,,,84,露文和訳,ロシア語2級;vocab;名詞句;第84回,要確認,候補
app500_m0137,с по́льзой,"答え：有益に
品詞：表現
出題回：84
出題区分：露文和訳
文脈：夏休みと学習",有益に,с по́льзой,有益に,表現,,,84,露文和訳,ロシア語2級;vocab;表現;第84回,要確認,候補
app500_m0138,отстава́ние,"答え：遅れ
品詞：名詞
性：中性
出題回：84
出題区分：露文和訳
文脈：夏休みと学習",遅れ,отстава́ние,遅れ,名詞,,,84,露文和訳,ロシア語2級;vocab;名詞;第84回,要確認,候補
app500_m0139,восстановле́ние,"答え：回復
品詞：名詞
性：中性
出題回：84
出題区分：露文和訳
文脈：夏休みと学習",回復,восстановле́ние,回復,名詞,,,84,露文和訳,ロシア語2級;vocab;名詞;第84回,要確認,候補
app500_m0140,роди́тели,"答え：両親
品詞：名詞
数：複数
出題回：84
出題区分：露文和訳
文脈：夏休みと学習",両親,роди́тели,両親,名詞,,,84,露文和訳,ロシア語2級;vocab;名詞;第84回,要確認,候補
app500_m0141,ла́герь,"答え：キャンプ・合宿
品詞：名詞
性：男性
出題回：84
出題区分：露文和訳
文脈：夏休みと学習",キャンプ・合宿,ла́герь,キャンプ・合宿,名詞,,,84,露文和訳,ロシア語2級;vocab;名詞;第84回,要確認,候補
app500_m0142,ограниче́ние,"答え：制限
品詞：名詞
性：中性
出題回：84
出題区分：露文和訳
文脈：夏休みと学習",制限,ограниче́ние,制限,名詞,,,84,露文和訳,ロシア語2級;vocab;名詞;第84回,要確認,候補
app500_m0143,местные жи́тели,"答え：現地の人々
品詞：名詞句
数：複数
出題回：84
出題区分：和文露訳
文脈：旅行・観光客対応",現地の人々,местные жи́тели,現地の人々,名詞句,,,84,和文露訳,ロシア語2級;vocab;名詞句;第84回,要確認,候補
app500_m0144,иностра́нный тури́ст,"答え：外国人観光客
品詞：名詞句
性：男性
出題回：84
出題区分：和文露訳
文脈：旅行・観光客対応",外国人観光客,иностра́нный тури́ст,外国人観光客,名詞句,,,84,和文露訳,ロシア語2級;vocab;名詞句;第84回,要確認,候補
app500_m0145,отноше́ние к тури́стам,"答え：観光客への接し方・態度
品詞：名詞句
性：中性
出題回：84
出題区分：和文露訳
文脈：旅行・観光客対応",観光客への接し方・態度,отноше́ние к тури́стам,観光客への接し方・態度,名詞句,,,84,和文露訳,ロシア語2級;vocab;名詞句;第84回,要確認,候補
app500_m0146,гора́ Фу́дзи,"答え：富士山
品詞：名詞句
性：女性
出題回：84
出題区分：文法III
文脈：富士山・オーバーツーリズム",富士山,гора́ Фу́дзи,富士山,名詞句,,,84,文法III,ロシア語2級;vocab;名詞句;第84回,要確認,候補
app500_m0147,пла́та,"答え：料金
品詞：名詞
性：女性
出題回：84
出題区分：文法III
文脈：富士山・オーバーツーリズム",料金,пла́та,料金,名詞,,,84,文法III,ロシア語2級;vocab;名詞;第84回,要確認,候補
app500_m0148,маршру́т,"答え：ルート・道順
品詞：名詞
性：男性
出題回：84
出題区分：文法III
文脈：富士山・オーバーツーリズム",ルート・道順,маршру́т,ルート・道順,名詞,,,84,文法III,ロシア語2級;vocab;名詞;第84回,要確認,候補
app500_m0149,на са́мом де́ле,"答え：実際には・本当は
品詞：表現
出題回：84
出題区分：文法I
文脈：地球・大気・太陽光",実際には・本当は,на са́мом де́ле,実際には・本当は,表現,,,84,文法I,ロシア語2級;phrase;表現;第84回,要確認,候補
app500_m0150,на пе́рвый взгляд,"答え：一見したところ
品詞：表現
出題回：84
出題区分：文法I
文脈：地球・大気・太陽光",一見したところ,на пе́рвый взгляд,一見したところ,表現,,,84,文法I,ロシア語2級;phrase;表現;第84回,要確認,候補
app500_m0151,пого́да,"答え：天気
品詞：名詞
性：女性
出題回：70
出題区分：文法I
文脈：天気とロシア人の生活",天気,пого́да,天気,名詞,,,70,文法I,ロシア語2級;vocab;名詞;第70回,要確認,候補
app500_m0152,ро́ль,"答え：役割
品詞：名詞
性：女性
出題回：70
出題区分：文法I
文脈：天気とロシア人の生活",役割,ро́ль,役割,名詞,,,70,文法I,ロシア語2級;vocab;名詞;第70回,要確認,候補
app500_m0153,посло́вица,"答え：ことわざ
品詞：名詞
性：女性
出題回：70
出題区分：文法I
文脈：天気とロシア人の生活",ことわざ,посло́вица,ことわざ,名詞,,,70,文法I,ロシア語2級;vocab;名詞;第70回,要確認,候補
app500_m0154,погово́рка,"答え：言い回し・ことわざ
品詞：名詞
性：女性
出題回：70
出題区分：文法I
文脈：天気とロシア人の生活",言い回し・ことわざ,погово́рка,言い回し・ことわざ,名詞,,,70,文法I,ロシア語2級;vocab;名詞;第70回,要確認,候補
app500_m0155,анекдо́т,"答え：小話・ジョーク
品詞：名詞
性：男性
出題回：70
出題区分：文法I
文脈：天気とロシア人の生活",小話・ジョーク,анекдо́т,小話・ジョーク,名詞,,,70,文法I,ロシア語2級;vocab;名詞;第70回,要確認,候補
app500_m0156,жа́ра,"答え：暑さ
品詞：名詞
性：女性
出題回：70
出題区分：文法I
文脈：天気とロシア人の生活",暑さ,жа́ра,暑さ,名詞,,,70,文法I,ロシア語2級;vocab;名詞;第70回,要確認,候補
app500_m0157,прохла́да,"答え：涼しさ
品詞：名詞
性：女性
出題回：70
出題区分：文法I
文脈：天気とロシア人の生活",涼しさ,прохла́да,涼しさ,名詞,,,70,文法I,ロシア語2級;vocab;名詞;第70回,要確認,候補
app500_m0158,засу́ха,"答え：干ばつ
品詞：名詞
性：女性
出題回：70
出題区分：文法I
文脈：天気とロシア人の生活",干ばつ,засу́ха,干ばつ,名詞,,,70,文法I,ロシア語2級;vocab;名詞;第70回,要確認,候補
app500_m0159,сля́коть,"答え：ぬかるみ・みぞれ混じりの悪天候
品詞：名詞
性：女性
出題回：70
出題区分：文法I
文脈：天気とロシア人の生活",ぬかるみ・みぞれ混じりの悪天候,сля́коть,ぬかるみ・みぞれ混じりの悪天候,名詞,,,70,文法I,ロシア語2級;vocab;名詞;第70回,要確認,候補
app500_m0160,прогно́з пого́ды,"答え：天気予報
品詞：名詞句
性：男性
出題回：70
出題区分：文法I
文脈：天気とロシア人の生活",天気予報,прогно́з пого́ды,天気予報,名詞句,,,70,文法I,ロシア語2級;vocab;名詞句;第70回,要確認,候補
app500_m0161,стихи́йное бе́дствие,"答え：自然災害
品詞：名詞句
性：中性
出題回：70
出題区分：文法I
文脈：天気とロシア人の生活",自然災害,стихи́йное бе́дствие,自然災害,名詞句,,,70,文法I,ロシア語2級;vocab;名詞句;第70回,要確認,候補
app500_m0162,наводне́ние,"答え：洪水
品詞：名詞
性：中性
出題回：70
出題区分：文法I
文脈：天気とロシア人の生活",洪水,наводне́ние,洪水,名詞,,,70,文法I,ロシア語2級;vocab;名詞;第70回,要確認,候補
app500_m0163,фе́рмер,"答え：農家・農場主
品詞：名詞
性：男性
出題回：70
出題区分：文法I
文脈：天気とロシア人の生活",農家・農場主,фе́рмер,農家・農場主,名詞,,,70,文法I,ロシア語2級;vocab;名詞;第70回,要確認,候補
app500_m0164,моря́к,"答え：船乗り・水夫
品詞：名詞
性：男性
出題回：70
出題区分：文法I
文脈：天気とロシア人の生活",船乗り・水夫,моря́к,船乗り・水夫,名詞,,,70,文法I,ロシア語2級;vocab;名詞;第70回,要確認,候補
app500_m0165,посе́в,"答え：種まき
品詞：名詞
性：男性
出題回：70
出題区分：文法I
文脈：天気とロシア人の生活",種まき,посе́в,種まき,名詞,,,70,文法I,ロシア語2級;vocab;名詞;第70回,要確認,候補
app500_m0166,шторм,"答え：嵐・暴風雨
品詞：名詞
性：男性
出題回：70
出題区分：文法I
文脈：天気とロシア人の生活",嵐・暴風雨,шторм,嵐・暴風雨,名詞,,,70,文法I,ロシア語2級;vocab;名詞;第70回,要確認,候補
app500_m0167,разгово́рный язы́к,"答え：話し言葉
品詞：名詞句
性：男性
出題回：70
出題区分：露文和訳
文脈：話し言葉という新しい言語",話し言葉,разгово́рный язы́к,話し言葉,名詞句,,,70,露文和訳,ロシア語2級;vocab;名詞句;第70回,要確認,候補
app500_m0168,литерату́рный язы́к,"答え：文学語・標準語
品詞：名詞句
性：男性
出題回：70
出題区分：露文和訳
文脈：話し言葉",文学語・標準語,литерату́рный язы́к,文学語・標準語,名詞句,,,70,露文和訳,ロシア語2級;vocab;名詞句;第70回,要確認,候補
app500_m0169,у́стная фо́рма,"答え：口頭形式
品詞：名詞句
性：女性
出題回：70
出題区分：露文和訳
文脈：話し言葉",口頭形式,у́стная фо́рма,口頭形式,名詞句,,,70,露文和訳,ロシア語2級;vocab;名詞句;第70回,要確認,候補
app500_m0170,заме́тка,"答え：メモ・短い記事
品詞：名詞
性：女性
出題回：70
出題区分：露文和訳
文脈：話し言葉",メモ・短い記事,заме́тка,メモ・短い記事,名詞,,,70,露文和訳,ロシア語2級;vocab;名詞;第70回,要確認,候補
app500_m0171,рюкза́к,"答え：リュックサック
品詞：名詞
性：男性
出題回：70
出題区分：和文露訳
文脈：通学リュック・教科書",リュックサック,рюкза́к,リュックサック,名詞,,,70,和文露訳,ロシア語2級;vocab;名詞;第70回,要確認,候補
app500_m0172,вес,"答え：重さ・体重
品詞：名詞
性：男性
出題回：70
出題区分：和文露訳
文脈：通学リュック・教科書",重さ・体重,вес,重さ・体重,名詞,,,70,和文露訳,ロシア語2級;vocab;名詞;第70回,要確認,候補
app500_m0173,страда́ть от жа́ры,"答え：暑さに苦しむ
品詞：表現
出題回：70
出題区分：文法I
文脈：天気とロシア人の生活",暑さに苦しむ,страда́ть от жа́ры,暑さに苦しむ,表現,,,70,文法I,ロシア語2級;phrase;表現;第70回,要確認,候補
app500_m0174,промо́кнуть от сля́коти,"答え：ぬかるみ・悪天候で濡れる
品詞：表現
出題回：70
出題区分：文法I
文脈：天気とロシア人の生活",ぬかるみ・悪天候で濡れる,промо́кнуть от сля́коти,ぬかるみ・悪天候で濡れる,表現,,,70,文法I,ロシア語2級;phrase;表現;第70回,要確認,候補
app500_m0175,влия́ть на жизнь,"答え：生活に影響する
品詞：表現
出題回：70
出題区分：文法I
文脈：天気とロシア人の生活",生活に影響する,влия́ть на жизнь,生活に影響する,表現,,,70,文法I,ロシア語2級;phrase;表現;第70回,要確認,候補
app500_m0176,экономи́ческое разви́тие,"答え：経済発展
品詞：名詞句
性：中性
出題回：74
出題区分：文法I
文脈：日本の経済発展・教育",経済発展,экономи́ческое разви́тие,経済発展,名詞句,,,74,文法I,ロシア語2級;vocab;名詞句;第74回,要確認,候補
app500_m0177,достиже́ние,"答え：達成・成果
品詞：名詞
性：中性
出題回：74
出題区分：文法I
文脈：日本の経済発展・教育",達成・成果,достиже́ние,達成・成果,名詞,,,74,文法I,ロシア語2級;vocab;名詞;第74回,要確認,候補
app500_m0178,ка́чество,"答え：質
品詞：名詞
性：中性
出題回：74
出題区分：文法I
文脈：日本の経済発展・教育",質,ка́чество,質,名詞,,,74,文法I,ロシア語2級;vocab;名詞;第74回,要確認,候補
app500_m0179,образе́ц,"答え：模範・手本
品詞：名詞
性：男性
出題回：74
出題区分：文法I
文脈：日本の経済発展・教育",模範・手本,образе́ц,模範・手本,名詞,,,74,文法I,ロシア語2級;vocab;名詞;第74回,要確認,候補
app500_m0180,похвала́,"答え：称賛
品詞：名詞
性：女性
出題回：74
出題区分：文法I
文脈：日本の経済発展・教育",称賛,похвала́,称賛,名詞,,,74,文法I,ロシア語2級;vocab;名詞;第74回,要確認,候補
app500_m0181,систе́ма образова́ния,"答え：教育制度
品詞：名詞句
性：女性
出題回：74
出題区分：文法I
文脈：日本の経済発展・教育",教育制度,систе́ма образова́ния,教育制度,名詞句,,,74,文法I,ロシア語2級;vocab;名詞句;第74回,要確認,候補
app500_m0182,оце́нка,"答え：評価
品詞：名詞
性：女性
出題回：74
出題区分：文法I
文脈：日本の経済発展・教育",評価,оце́нка,評価,名詞,,,74,文法I,ロシア語2級;vocab;名詞;第74回,要確認,候補
app500_m0183,показа́тель,"答え：指標
品詞：名詞
性：男性
出題回：74
出題区分：文法I
文脈：日本の経済発展・教育",指標,показа́тель,指標,名詞,,,74,文法I,ロシア語2級;vocab;名詞;第74回,要確認,候補
app500_m0184,мирово́й ли́дер,"答え：世界的リーダー・先進国
品詞：名詞句
性：男性
出題回：74
出題区分：文法I
文脈：日本の経済発展・教育",世界的リーダー・先進国,мирово́й ли́дер,世界的リーダー・先進国,名詞句,,,74,文法I,ロシア語2級;vocab;名詞句;第74回,要確認,候補
app500_m0185,сте́пень,"答え：程度・学位
品詞：名詞
性：女性
出題回：74
出題区分：文法I
文脈：日本の経済発展・教育",程度・学位,сте́пень,程度・学位,名詞,,,74,文法I,ロシア語2級;vocab;名詞;第74回,要確認,候補
app500_m0186,сре́днее образова́ние,"答え：中等教育
品詞：名詞句
性：中性
出題回：74
出題区分：文法I
文脈：日本の経済発展・教育",中等教育,сре́днее образова́ние,中等教育,名詞句,,,74,文法I,ロシア語2級;vocab;名詞句;第74回,要確認,候補
app500_m0187,вы́сшее образова́ние,"答え：高等教育
品詞：名詞句
性：中性
出題回：74
出題区分：文法I
文脈：日本の経済発展・教育",高等教育,вы́сшее образова́ние,高等教育,名詞句,,,74,文法I,ロシア語2級;vocab;名詞句;第74回,要確認,候補
app500_m0188,обяза́тельное образова́ние,"答え：義務教育
品詞：名詞句
性：中性
出題回：74
出題区分：文法I
文脈：日本の経済発展・教育",義務教育,обяза́тельное образова́ние,義務教育,名詞句,,,74,文法I,ロシア語2級;vocab;名詞句;第74回,要確認,候補
app500_m0189,вы́сшее уче́бное заведе́ние,"答え：高等教育機関・大学
品詞：名詞句
性：中性
出題回：74
出題区分：文法I
文脈：日本の経済発展・教育",高等教育機関・大学,вы́сшее уче́бное заведе́ние,高等教育機関・大学,名詞句,,,74,文法I,ロシア語2級;vocab;名詞句;第74回,要確認,候補
app500_m0190,тест,"答え：テスト
品詞：名詞
性：男性
出題回：74
出題区分：文法I
文脈：日本の経済発展・教育",テスト,тест,テスト,名詞,,,74,文法I,ロシア語2級;vocab;名詞;第74回,要確認,候補
app500_m0191,кра́йняя ме́ра,"答え：最後の手段
品詞：名詞句
性：女性
出題回：74
出題区分：文法I
文脈：日本の経済発展・教育",最後の手段,кра́йняя ме́ра,最後の手段,名詞句,,,74,文法I,ロシア語2級;vocab;名詞句;第74回,要確認,候補
app500_m0192,трудоспосо́бное населе́ние,"答え：労働可能人口
品詞：名詞句
性：中性
出題回：74
出題区分：露文和訳
文脈：日本の労働可能人口",労働可能人口,трудоспосо́бное населе́ние,労働可能人口,名詞句,,,74,露文和訳,ロシア語2級;vocab;名詞句;第74回,要確認,候補
app500_m0193,до́ля,"答え：割合
品詞：名詞
性：女性
出題回：74
出題区分：露文和訳
文脈：日本の労働可能人口",割合,до́ля,割合,名詞,,,74,露文和訳,ロシア語2級;vocab;名詞;第74回,要確認,候補
app500_m0194,населе́ние,"答え：人口
品詞：名詞
性：中性
出題回：74
出題区分：露文和訳
文脈：日本の労働可能人口",人口,населе́ние,人口,名詞,,,74,露文和訳,ロシア語2級;vocab;名詞;第74回,要確認,候補
app500_m0195,пенсионе́р,"答え：年金受給者
品詞：名詞
性：男性
出題回：74
出題区分：露文和訳
文脈：日本の労働可能人口",年金受給者,пенсионе́р,年金受給者,名詞,,,74,露文和訳,ロシア語2級;vocab;名詞;第74回,要確認,候補
app500_m0196,старе́ние,"答え：高齢化
品詞：名詞
性：中性
出題回：74
出題区分：露文和訳
文脈：日本の労働可能人口",高齢化,старе́ние,高齢化,名詞,,,74,露文和訳,ロシア語2級;vocab;名詞;第74回,要確認,候補
app500_m0197,музыка́льный ко́нкурс,"答え：音楽コンクール
品詞：名詞句
性：男性
出題回：74
出題区分：和文露訳
文脈：ドイツの音楽コンクール",音楽コンクール,музыка́льный ко́нкурс,音楽コンクール,名詞句,,,74,和文露訳,ロシア語2級;vocab;名詞句;第74回,要確認,候補
app500_m0198,скрипа́ч,"答え：ヴァイオリニスト
品詞：名詞
性：男性
出題回：74
出題区分：和文露訳
文脈：ドイツの音楽コンクール",ヴァイオリニスト,скрипа́ч,ヴァイオリニスト,名詞,,,74,和文露訳,ロシア語2級;vocab;名詞;第74回,要確認,候補
app500_m0199,выступле́ние,"答え：演奏・発表
品詞：名詞
性：中性
出題回：74
出題区分：和文露訳
文脈：ドイツの音楽コンクール",演奏・発表,выступле́ние,演奏・発表,名詞,,,74,和文露訳,ロシア語2級;vocab;名詞;第74回,要確認,候補
app500_m0200,инструме́нт,"答え：楽器・道具
品詞：名詞
性：男性
出題回：74
出題区分：和文露訳
文脈：ドイツの音楽コンクール",楽器・道具,инструме́нт,楽器・道具,名詞,,,74,和文露訳,ロシア語2級;vocab;名詞;第74回,要確認,候補
app500_m0201,все си́лы,"答え：全力
品詞：名詞句
数：複数
出題回：74
出題区分：和文露訳
文脈：ドイツの音楽コンクール",全力,все си́лы,全力,名詞句,,,74,和文露訳,ロシア語2級;vocab;名詞句;第74回,要確認,候補
app500_m0202,втора́я полови́на XX ве́ка,"答え：20世紀後半
品詞：表現
出題回：74
出題区分：文法I
文脈：日本の経済発展・教育",20世紀後半,втора́я полови́на XX ве́ка,20世紀後半,表現,,,74,文法I,ロシア語2級;phrase;表現;第74回,要確認,候補
app500_m0203,по́сле заверше́ния,"答え：終了後に
品詞：表現
出題回：74
出題区分：文法I
文脈：教育制度",終了後に,по́сле заверше́ния,終了後に,表現,,,74,文法I,ロシア語2級;phrase;表現;第74回,要確認,候補
app500_m0204,уве́ренно,"答え：自信を持って
品詞：副詞
出題回：62
出題区分：露文和訳
文脈：ロシア語で自信を持って話す",自信を持って,уве́ренно,自信を持って,副詞,,,62,露文和訳,ロシア語2級;vocab;副詞;第62回,要確認,候補
app500_m0205,выраже́ние,"答え：表現
品詞：名詞
性：中性
出題回：62
出題区分：露文和訳
文脈：ロシア語で自信を持って話す",表現,выраже́ние,表現,名詞,,,62,露文和訳,ロシア語2級;vocab;名詞;第62回,要確認,候補
app500_m0206,профе́ссия,"答え：職業
品詞：名詞
性：女性
出題回：62
出題区分：露文和訳
文脈：語彙と職業",職業,профе́ссия,職業,名詞,,,62,露文和訳,ロシア語2級;vocab;名詞;第62回,要確認,候補
app500_m0207,краткосро́чный,"答え：短期間の
品詞：形容詞
出題回：62
出題区分：露文和訳
文脈：語彙学習",短期間の,краткосро́чный,短期間の,形容詞,,,62,露文和訳,ロシア語2級;vocab;形容詞;第62回,要確認,候補
app500_m0208,внук,"答え：孫息子
品詞：名詞
性：男性
出題回：62
出題区分：和文露訳
文脈：孫の夏休み",孫息子,внук,孫息子,名詞,,,62,和文露訳,ロシア語2級;vocab;名詞;第62回,要確認,候補
app500_m0209,вну́чка,"答え：孫娘
品詞：名詞
性：女性
出題回：62
出題区分：和文露訳
文脈：孫の夏休み",孫娘,вну́чка,孫娘,名詞,,,62,和文露訳,ロシア語2級;vocab;名詞;第62回,要確認,候補
app500_m0210,обы́чный по́езд,"答え：普通列車
品詞：名詞句
性：男性
出題回：62
出題区分：和文露訳
文脈：夏休み旅行",普通列車,обы́чный по́езд,普通列車,名詞句,,,62,和文露訳,ロシア語2級;vocab;名詞句;第62回,要確認,候補
app500_m0211,при́рода,"答え：自然
品詞：名詞
性：女性
出題回：62
出題区分：和文露訳
文脈：子どもの夏休み",自然,при́рода,自然,名詞,,,62,和文露訳,ロシア語2級;vocab;名詞;第62回,要確認,候補
app500_m0212,чте́ние,"答え：読書
品詞：名詞
性：中性
出題回：62
出題区分：和文露訳
文脈：子どもの夏休み",読書,чте́ние,読書,名詞,,,62,和文露訳,ロシア語2級;vocab;名詞;第62回,要確認,候補
app500_m0213,авто́бус,"答え：バス
品詞：名詞
性：男性
出題回：62
出題区分：聴取
文脈：モスクワの住居",バス,авто́бус,バス,名詞,,,62,聴取,ロシア語2級;vocab;名詞;第62回,要確認,候補
app500_m0214,часто употребля́емые слова́,"答え：頻繁に使われる単語
品詞：表現
出題回：62
出題区分：露文和訳
文脈：語彙学習",頻繁に使われる単語,часто употребля́емые слова́,頻繁に使われる単語,表現,,,62,露文和訳,ロシア語2級;phrase;表現;第62回,要確認,候補
app500_m0215,зави́сеть от профе́ссии,"答え：職業によって異なる
品詞：表現
出題回：62
出題区分：露文和訳
文脈：語彙学習",職業によって異なる,зави́сеть от профе́ссии,職業によって異なる,表現,,,62,露文和訳,ロシア語2級;phrase;表現;第62回,要確認,候補
app500_m0216,ле́то в Япо́нии,"答え：日本の夏
品詞：名詞句
性：中性
出題回：86
出題区分：口頭作文
文脈：日本の夏",日本の夏,ле́то в Япо́нии,日本の夏,名詞句,,,86,口頭作文,ロシア語2級;vocab;名詞句;第86回,要確認,候補
app500_m0217,вла́жность,"答え：湿度
品詞：名詞
性：女性
出題回：86
出題区分：口頭作文
文脈：日本の夏",湿度,вла́жность,湿度,名詞,,,86,口頭作文,ロシア語2級;vocab;名詞;第86回,要確認,候補
app500_m0218,сезо́н дожде́й,"答え：梅雨・雨季
品詞：名詞句
性：男性
出題回：86
出題区分：口頭作文
文脈：日本の夏",梅雨・雨季,сезо́н дожде́й,梅雨・雨季,名詞句,,,86,口頭作文,ロシア語2級;vocab;名詞句;第86回,要確認,候補
app500_m0219,кондиционе́р,"答え：エアコン
品詞：名詞
性：男性
出題回：86
出題区分：口頭作文
文脈：日本の夏",エアコン,кондиционе́р,エアコン,名詞,,,86,口頭作文,ロシア語2級;vocab;名詞;第86回,要確認,候補
app500_m0220,фейерве́рк,"答え：花火
品詞：名詞
性：男性
出題回：86
出題区分：口頭作文
文脈：日本の夏",花火,фейерве́рк,花火,名詞,,,86,口頭作文,ロシア語2級;vocab;名詞;第86回,要確認,候補
app500_m0221,фестива́ль,"答え：祭り・フェスティバル
品詞：名詞
性：男性
出題回：86
出題区分：口頭作文
文脈：日本の夏",祭り・フェスティバル,фестива́ль,祭り・フェスティバル,名詞,,,86,口頭作文,ロシア語2級;vocab;名詞;第86回,要確認,候補
app500_m0222,моро́женое,"答え：アイスクリーム
品詞：名詞
性：中性
出題回：86
出題区分：口頭作文
文脈：日本の夏",アイスクリーム,моро́женое,アイスクリーム,名詞,,,86,口頭作文,ロシア語2級;vocab;名詞;第86回,要確認,候補
app500_m0223,пляж,"答え：海水浴場・浜辺
品詞：名詞
性：男性
出題回：86
出題区分：口頭作文
文脈：日本の夏",海水浴場・浜辺,пляж,海水浴場・浜辺,名詞,,,86,口頭作文,ロシア語2級;vocab;名詞;第86回,要確認,候補
app500_m0224,тради́ция,"答え：伝統
品詞：名詞
性：女性
出題回：86
出題区分：口頭作文
文脈：日本の夏",伝統,тради́ция,伝統,名詞,,,86,口頭作文,ロシア語2級;vocab;名詞;第86回,要確認,候補
app500_m0225,сильно́ жа́рко,"答え：とても暑い
品詞：表現
出題回：86
出題区分：口頭作文
文脈：日本の夏",とても暑い,сильно́ жа́рко,とても暑い,表現,,,86,口頭作文,ロシア語2級;vocab;表現;第86回,要確認,候補
app500_m0226,причастие,"答え：形動詞
品詞：名詞
性：中性
出題回：74;84
出題区分：文法IV
文脈：形動詞",形動詞,причастие,形動詞,名詞,,,74;84,文法IV,ロシア語2級;grammar;名詞;第74;第84回,要確認,候補
app500_m0227,дееприча́стие,"答え：副動詞
品詞：名詞
性：中性
出題回：74;84;70
出題区分：文法IV
文脈：副動詞",副動詞,дееприча́стие,副動詞,名詞,,,74;84;70,文法IV,ロシア語2級;grammar;名詞;第74;第84;第70回,要確認,候補
app500_m0228,верну́вшийся,"答え：戻ってきた〜
品詞：形動詞
出題回：84
出題区分：文法IV
文脈：形動詞",戻ってきた〜,верну́вшийся,戻ってきた〜,形動詞,,,84,文法IV,ロシア語2級;grammar;形動詞;第84回,要確認,候補
app500_m0229,поступи́вший,"答え：入学した・到着した〜
品詞：形動詞
出題回：84
出題区分：文法IV
文脈：形動詞",入学した・到着した〜,поступи́вший,入学した・到着した〜,形動詞,,,84,文法IV,ロシア語2級;grammar;形動詞;第84回,要確認,候補
app500_m0230,поста́вленный,"答え：置かれた・設置された〜
品詞：形動詞
出題回：84
出題区分：文法IV
文脈：形動詞",置かれた・設置された〜,поста́вленный,置かれた・設置された〜,形動詞,,,84,文法IV,ロシア語2級;grammar;形動詞;第84回,要確認,候補
app500_m0231,лежа́щий,"答え：横たわっている〜
品詞：形動詞
出題回：74
出題区分：文法IV
文脈：形動詞",横たわっている〜,лежа́щий,横たわっている〜,形動詞,,,74,文法IV,ロシア語2級;grammar;形動詞;第74回,要確認,候補
app500_m0232,переведённый,"答え：翻訳された〜
品詞：形動詞
出題回：74
出題区分：文法IV
文脈：形動詞",翻訳された〜,переведённый,翻訳された〜,形動詞,,,74,文法IV,ロシア語2級;grammar;形動詞;第74回,要確認,候補
app500_m0233,издава́емый,"答え：出版される〜
品詞：形動詞
出題回：74
出題区分：文法IV
文脈：形動詞",出版される〜,издава́емый,出版される〜,形動詞,,,74,文法IV,ロシア語2級;grammar;形動詞;第74回,要確認,候補
app500_m0234,ответив,"答え：答えてから
品詞：副動詞
出題回：74
出題区分：文法IV
文脈：副動詞",答えてから,ответив,答えてから,副動詞,,,74,文法IV,ロシア語2級;grammar;副動詞;第74回,要確認,候補
app500_m0235,подня́вшись,"答え：上がってから
品詞：副動詞
出題回：74
出題区分：文法IV
文脈：副動詞",上がってから,подня́вшись,上がってから,副動詞,,,74,文法IV,ロシア語2級;grammar;副動詞;第74回,要確認,候補
app500_m0236,бу́дучи,"答え：〜でありながら・〜として
品詞：副動詞
出題回：74
出題区分：文法IV
文脈：副動詞",〜でありながら・〜として,бу́дучи,〜でありながら・〜として,副動詞,,,74,文法IV,ロシア語2級;grammar;副動詞;第74回,要確認,候補
app500_m0237,интересу́ясь,"答え：興味を持ちながら
品詞：副動詞
出題回：70
出題区分：文法IV
文脈：副動詞",興味を持ちながら,интересу́ясь,興味を持ちながら,副動詞,,,70,文法IV,ロシア語2級;grammar;副動詞;第70回,要確認,候補
app500_m0238,начина́ть — нача́ть,"答え：始める
品詞：動詞
不完了体：начина́ть
完了体：нача́ть
出典候補：第66回
状態：校正用・未確認",始める,начина́ть — нача́ть,始める,動詞,начина́ть,нача́ть,66,文法II,russian2;動詞対;不完了体;完了体;校正用,yes,no
app500_m0239,конча́ть — ко́нчить,"答え：終える
品詞：動詞
不完了体：конча́ть
完了体：ко́нчить
出典候補：第68回
状態：校正用・未確認",終える,конча́ть — ко́нчить,終える,動詞,конча́ть,ко́нчить,68,文法II,russian2;動詞対;不完了体;完了体;校正用,yes,no
app500_m0240,зако́нчивать — зако́нчить,"答え：終える／卒業する
品詞：動詞
不完了体：зако́нчивать
完了体：зако́нчить
出典候補：第70回
状態：校正用・未確認",終える／卒業する,зако́нчивать — зако́нчить,終える／卒業する,動詞,зако́нчивать,зако́нчить,70,文法II,russian2;動詞対;不完了体;完了体;校正用,yes,no
app500_m0241,продолжа́ть — продо́лжить,"答え：続ける
品詞：動詞
不完了体：продолжа́ть
完了体：продо́лжить
出典候補：第72回
状態：校正用・未確認",続ける,продолжа́ть — продо́лжить,続ける,動詞,продолжа́ть,продо́лжить,72,文法II,russian2;動詞対;不完了体;完了体;校正用,yes,no
app500_m0242,показыва́ть — показа́ть,"答え：見せる／示す
品詞：動詞
不完了体：показыва́ть
完了体：показа́ть
出典候補：第74回
状態：校正用・未確認",見せる／示す,показыва́ть — показа́ть,見せる／示す,動詞,показыва́ть,показа́ть,74,文法II,russian2;動詞対;不完了体;完了体;校正用,yes,no
app500_m0243,повторя́ть — повтори́ть,"答え：繰り返す／復習する
品詞：動詞
不完了体：повторя́ть
完了体：повтори́ть
出典候補：第78回
状態：校正用・未確認",繰り返す／復習する,повторя́ть — повтори́ть,繰り返す／復習する,動詞,повторя́ть,повтори́ть,78,文法II,russian2;動詞対;不完了体;完了体;校正用,yes,no
app500_m0244,исправля́ть — испра́вить,"答え：直す／修正する
品詞：動詞
不完了体：исправля́ть
完了体：испра́вить
出典候補：第84回
状態：校正用・未確認",直す／修正する,исправля́ть — испра́вить,直す／修正する,動詞,исправля́ть,испра́вить,84,文法II,russian2;動詞対;不完了体;完了体;校正用,yes,no
app500_m0245,вспомина́ть — вспо́мнить,"答え：思い出す
品詞：動詞
不完了体：вспомина́ть
完了体：вспо́мнить
出典候補：第60回
状態：校正用・未確認",思い出す,вспомина́ть — вспо́мнить,思い出す,動詞,вспомина́ть,вспо́мнить,60,文法II,russian2;動詞対;不完了体;完了体;校正用,yes,no
app500_m0246,забыва́ть — забы́ть,"答え：忘れる
品詞：動詞
不完了体：забыва́ть
完了体：забы́ть
出典候補：第62回
状態：校正用・未確認",忘れる,забыва́ть — забы́ть,忘れる,動詞,забыва́ть,забы́ть,62,文法II,russian2;動詞対;不完了体;完了体;校正用,yes,no
app500_m0247,помога́ть — помо́чь,"答え：助ける
品詞：動詞
不完了体：помога́ть
完了体：помо́чь
出典候補：第64回
状態：校正用・未確認",助ける,помога́ть — помо́чь,助ける,動詞,помога́ть,помо́чь,64,文法II,russian2;動詞対;不完了体;完了体;校正用,yes,no
app500_m0248,сове́товать — посове́товать,"答え：助言する
品詞：動詞
不完了体：сове́товать
完了体：посове́товать
出典候補：第66回
状態：校正用・未確認",助言する,сове́товать — посове́товать,助言する,動詞,сове́товать,посове́товать,66,文法II,russian2;動詞対;不完了体;完了体;校正用,yes,no
app500_m0249,ограни́чивать — ограни́чить,"答え：制限する
品詞：動詞
不完了体：ограни́чивать
完了体：ограни́чить
出典候補：第68回
状態：校正用・未確認",制限する,ограни́чивать — ограни́чить,制限する,動詞,ограни́чивать,ограни́чить,68,文法II,russian2;動詞対;不完了体;完了体;校正用,yes,no
app500_m0250,разреша́ть — разреши́ть,"答え：許可する／解決する
品詞：動詞
不完了体：разреша́ть
完了体：разреши́ть
出典候補：第70回
状態：校正用・未確認",許可する／解決する,разреша́ть — разреши́ть,許可する／解決する,動詞,разреша́ть,разреши́ть,70,文法II,russian2;動詞対;不完了体;完了体;校正用,yes,no
app500_m0251,запреща́ть — запрети́ть,"答え：禁止する
品詞：動詞
不完了体：запреща́ть
完了体：запрети́ть
出典候補：第72回
状態：校正用・未確認",禁止する,запреща́ть — запрети́ть,禁止する,動詞,запреща́ть,запрети́ть,72,文法II,russian2;動詞対;不完了体;完了体;校正用,yes,no
app500_m0252,увели́чивать — увели́чить,"答え：増やす
品詞：動詞
不完了体：увели́чивать
完了体：увели́чить
出典候補：第74回
状態：校正用・未確認",増やす,увели́чивать — увели́чить,増やす,動詞,увели́чивать,увели́чить,74,文法II,russian2;動詞対;不完了体;完了体;校正用,yes,no
app500_m0253,уменьша́ть — уме́ньшить,"答え：減らす
品詞：動詞
不完了体：уменьша́ть
完了体：уме́ньшить
出典候補：第76回
状態：校正用・未確認",減らす,уменьша́ть — уме́ньшить,減らす,動詞,уменьша́ть,уме́ньшить,76,文法II,russian2;動詞対;不完了体;完了体;校正用,yes,no
app500_m0254,снижа́ть — сни́зить,"答え：下げる／低下させる
品詞：動詞
不完了体：снижа́ть
完了体：сни́зить
出典候補：第78回
状態：校正用・未確認",下げる／低下させる,снижа́ть — сни́зить,下げる／低下させる,動詞,снижа́ть,сни́зить,78,文法II,russian2;動詞対;不完了体;完了体;校正用,yes,no
app500_m0255,повыша́ть — повы́сить,"答え：高める／上げる
品詞：動詞
不完了体：повыша́ть
完了体：повы́сить
出典候補：第82回
状態：校正用・未確認",高める／上げる,повыша́ть — повы́сить,高める／上げる,動詞,повыша́ть,повы́сить,82,文法II,russian2;動詞対;不完了体;完了体;校正用,yes,no
app500_m0256,улучша́ть — улу́чшить,"答え：改善する
品詞：動詞
不完了体：улучша́ть
完了体：улу́чшить
出典候補：第84回
状態：校正用・未確認",改善する,улучша́ть — улу́чшить,改善する,動詞,улучша́ть,улу́чшить,84,文法II,russian2;動詞対;不完了体;完了体;校正用,yes,no
app500_m0257,ухудша́ть — уху́дшить,"答え：悪化させる
品詞：動詞
不完了体：ухудша́ть
完了体：уху́дшить
出典候補：第86回
状態：校正用・未確認",悪化させる,ухудша́ть — уху́дшить,悪化させる,動詞,ухудша́ть,уху́дшить,86,文法II,russian2;動詞対;不完了体;完了体;校正用,yes,no
app500_m0258,меня́ть — поменя́ть,"答え：変える
品詞：動詞
不完了体：меня́ть
完了体：поменя́ть
出典候補：第60回
状態：校正用・未確認",変える,меня́ть — поменя́ть,変える,動詞,меня́ть,поменя́ть,60,文法II,russian2;動詞対;不完了体;完了体;校正用,yes,no
app500_m0259,изменя́ть — измени́ть,"答え：変更する／変化させる
品詞：動詞
不完了体：изменя́ть
完了体：измени́ть
出典候補：第62回
状態：校正用・未確認",変更する／変化させる,изменя́ть — измени́ть,変更する／変化させる,動詞,изменя́ть,измени́ть,62,文法II,russian2;動詞対;不完了体;完了体;校正用,yes,no
app500_m0260,сравнива́ть — сравни́ть,"答え：比較する
品詞：動詞
不完了体：сравнива́ть
完了体：сравни́ть
出典候補：第64回
状態：校正用・未確認",比較する,сравнива́ть — сравни́ть,比較する,動詞,сравнива́ть,сравни́ть,64,文法II,russian2;動詞対;不完了体;完了体;校正用,yes,no
app500_m0261,оценива́ть — оцени́ть,"答え：評価する
品詞：動詞
不完了体：оценива́ть
完了体：оцени́ть
出典候補：第66回
状態：校正用・未確認",評価する,оценива́ть — оцени́ть,評価する,動詞,оценива́ть,оцени́ть,66,文法II,russian2;動詞対;不完了体;完了体;校正用,yes,no
app500_m0262,выбира́ть — вы́брать,"答え：選ぶ
品詞：動詞
不完了体：выбира́ть
完了体：вы́брать
出典候補：第68回
状態：校正用・未確認",選ぶ,выбира́ть — вы́брать,選ぶ,動詞,выбира́ть,вы́брать,68,文法II,russian2;動詞対;不完了体;完了体;校正用,yes,no
app500_m0263,реша́ть — реши́ть,"答え：解く／決める
品詞：動詞
不完了体：реша́ть
完了体：реши́ть
出典候補：第70回
状態：校正用・未確認",解く／決める,реша́ть — реши́ть,解く／決める,動詞,реша́ть,реши́ть,70,文法II,russian2;動詞対;不完了体;完了体;校正用,yes,no
app500_m0264,получа́ть — получи́ть,"答え：受け取る／得る
品詞：動詞
不完了体：получа́ть
完了体：получи́ть
出典候補：第72回
状態：校正用・未確認",受け取る／得る,получа́ть — получи́ть,受け取る／得る,動詞,получа́ть,получи́ть,72,文法II,russian2;動詞対;不完了体;完了体;校正用,yes,no
app500_m0265,передава́ть — переда́ть,"答え：渡す／伝える
品詞：動詞
不完了体：передава́ть
完了体：переда́ть
出典候補：第74回
状態：校正用・未確認",渡す／伝える,передава́ть — переда́ть,渡す／伝える,動詞,передава́ть,переда́ть,74,文法II,russian2;動詞対;不完了体;完了体;校正用,yes,no
app500_m0266,отправля́ть — отпра́вить,"答え：送る
品詞：動詞
不完了体：отправля́ть
完了体：отпра́вить
出典候補：第76回
状態：校正用・未確認",送る,отправля́ть — отпра́вить,送る,動詞,отправля́ть,отпра́вить,76,文法II,russian2;動詞対;不完了体;完了体;校正用,yes,no
app500_m0267,посыла́ть — посла́ть,"答え：送る
品詞：動詞
不完了体：посыла́ть
完了体：посла́ть
出典候補：第78回
状態：校正用・未確認",送る,посыла́ть — посла́ть,送る,動詞,посыла́ть,посла́ть,78,文法II,russian2;動詞対;不完了体;完了体;校正用,yes,no
app500_m0268,приглаша́ть — пригласи́ть,"答え：招待する
品詞：動詞
不完了体：приглаша́ть
完了体：пригласи́ть
出典候補：第84回
状態：校正用・未確認",招待する,приглаша́ть — пригласи́ть,招待する,動詞,приглаша́ть,пригласи́ть,84,文法II,russian2;動詞対;不完了体;完了体;校正用,yes,no
app500_m0269,отвеча́ть — отве́тить,"答え：答える
品詞：動詞
不完了体：отвеча́ть
完了体：отве́тить
出典候補：第86回
状態：校正用・未確認",答える,отвеча́ть — отве́тить,答える,動詞,отвеча́ть,отве́тить,86,文法II,russian2;動詞対;不完了体;完了体;校正用,yes,no
app500_m0270,сообща́ть — сообщи́ть,"答え：知らせる
品詞：動詞
不完了体：сообща́ть
完了体：сообщи́ть
出典候補：第62回
状態：校正用・未確認",知らせる,сообща́ть — сообщи́ть,知らせる,動詞,сообща́ть,сообщи́ть,62,文法II,russian2;動詞対;不完了体;完了体;校正用,yes,no
app500_m0271,переводи́ть — перевести́,"答え：翻訳する／移す
品詞：動詞
不完了体：переводи́ть
完了体：перевести́
出典候補：第72回
状態：校正用・未確認",翻訳する／移す,переводи́ть — перевести́,翻訳する／移す,動詞,переводи́ть,перевести́,72,文法II,russian2;動詞対;不完了体;完了体;校正用,yes,no
app500_m0272,учи́ть — вы́учить,"答え：学ぶ／覚える
品詞：動詞
不完了体：учи́ть
完了体：вы́учить
出典候補：第74回
状態：校正用・未確認",学ぶ／覚える,учи́ть — вы́учить,学ぶ／覚える,動詞,учи́ть,вы́учить,74,文法II,russian2;動詞対;不完了体;完了体;校正用,yes,no
app500_m0273,занима́ться — заня́ться,"答え：従事する／勉強する
品詞：動詞
不完了体：занима́ться
完了体：заня́ться
出典候補：第76回
状態：校正用・未確認",従事する／勉強する,занима́ться — заня́ться,従事する／勉強する,動詞,занима́ться,заня́ться,76,文法II,russian2;動詞対;不完了体;完了体;校正用,yes,no
app500_m0274,тренирова́ться — потренирова́ться,"答え：練習する
品詞：動詞
不完了体：тренирова́ться
完了体：потренирова́ться
出典候補：第78回
状態：校正用・未確認",練習する,тренирова́ться — потренирова́ться,練習する,動詞,тренирова́ться,потренирова́ться,78,文法II,russian2;動詞対;不完了体;完了体;校正用,yes,no
app500_m0275,поступа́ть — поступить,"答え：入学する／入る
品詞：動詞
不完了体：поступа́ть
完了体：поступить
出典候補：第84回
状態：校正用・未確認",入学する／入る,поступа́ть — поступить,入学する／入る,動詞,поступа́ть,поступить,84,文法II,russian2;動詞対;不完了体;完了体;校正用,yes,no
app500_m0276,прово́дить — провести́,"答え：過ごす／実施する
品詞：動詞
不完了体：прово́дить
完了体：провести́
出典候補：第60回
状態：校正用・未確認",過ごす／実施する,прово́дить — провести́,過ごす／実施する,動詞,прово́дить,провести́,60,文法II,russian2;動詞対;不完了体;完了体;校正用,yes,no
app500_m0277,провожа́ть — проводи́ть,"答え：見送る
品詞：動詞
不完了体：провожа́ть
完了体：проводи́ть
出典候補：第64回
状態：校正用・未確認",見送る,провожа́ть — проводи́ть,見送る,動詞,провожа́ть,проводи́ть,64,文法II,russian2;動詞対;不完了体;完了体;校正用,yes,no
app500_m0278,переезжа́ть — пере́ехать,"答え：引っ越す／渡る
品詞：動詞
不完了体：переезжа́ть
完了体：пере́ехать
出典候補：第74回
状態：校正用・未確認",引っ越す／渡る,переезжа́ть — пере́ехать,引っ越す／渡る,動詞,переезжа́ть,пере́ехать,74,文法II,russian2;動詞対;不完了体;完了体;校正用,yes,no
app500_m0279,поднима́ться — подня́ться,"答え：上がる／登る
品詞：動詞
不完了体：поднима́ться
完了体：подня́ться
出典候補：第76回
状態：校正用・未確認",上がる／登る,поднима́ться — подня́ться,上がる／登る,動詞,поднима́ться,подня́ться,76,文法II,russian2;動詞対;不完了体;完了体;校正用,yes,no
app500_m0280,опуска́ться — опусти́ться,"答え：下がる／降りる
品詞：動詞
不完了体：опуска́ться
完了体：опусти́ться
出典候補：第78回
状態：校正用・未確認",下がる／降りる,опуска́ться — опусти́ться,下がる／降りる,動詞,опуска́ться,опусти́ться,78,文法II,russian2;動詞対;不完了体;完了体;校正用,yes,no
app500_m0281,умыва́ться — умы́ться,"答え：顔を洗う
品詞：動詞
不完了体：умыва́ться
完了体：умы́ться
出典候補：第60回
状態：校正用・未確認",顔を洗う,умыва́ться — умы́ться,顔を洗う,動詞,умыва́ться,умы́ться,60,文法II,russian2;動詞対;不完了体;完了体;校正用,yes,no
app500_m0282,путеше́ствовать — попутеше́ствовать,"答え：旅行する
品詞：動詞
不完了体：путеше́ствовать
完了体：попутеше́ствовать
出典候補：第70回
状態：校正用・未確認",旅行する,путеше́ствовать — попутеше́ствовать,旅行する,動詞,путеше́ствовать,попутеше́ствовать,70,文法II,russian2;動詞対;不完了体;完了体;校正用,yes,no
app500_m0283,фотографи́ровать — сфотографи́ровать,"答え：写真を撮る
品詞：動詞
不完了体：фотографи́ровать
完了体：сфотографи́ровать
出典候補：第72回
状態：校正用・未確認",写真を撮る,фотографи́ровать — сфотографи́ровать,写真を撮る,動詞,фотографи́ровать,сфотографи́ровать,72,文法II,russian2;動詞対;不完了体;完了体;校正用,yes,no
app500_m0284,пла́вать — попла́вать,"答え：泳ぐ
品詞：動詞
不完了体：пла́вать
完了体：попла́вать
出典候補：第74回
状態：校正用・未確認",泳ぐ,пла́вать — попла́вать,泳ぐ,動詞,пла́вать,попла́вать,74,文法II,russian2;動詞対;不完了体;完了体;校正用,yes,no
app500_m0285,гуля́ть — погуля́ть,"答え：散歩する
品詞：動詞
不完了体：гуля́ть
完了体：погуля́ть
出典候補：第76回
状態：校正用・未確認",散歩する,гуля́ть — погуля́ть,散歩する,動詞,гуля́ть,погуля́ть,76,文法II,russian2;動詞対;不完了体;完了体;校正用,yes,no
app500_m0286,наблюда́ть — понаблюда́ть,"答え：観察する
品詞：動詞
不完了体：наблюда́ть
完了体：понаблюда́ть
出典候補：第78回
状態：校正用・未確認",観察する,наблюда́ть — понаблюда́ть,観察する,動詞,наблюда́ть,понаблюда́ть,78,文法II,russian2;動詞対;不完了体;完了体;校正用,yes,no
app500_m0287,влия́ть — повлия́ть,"答え：影響する
品詞：動詞
不完了体：влия́ть
完了体：повлия́ть
出典候補：第82回
状態：校正用・未確認",影響する,влия́ть — повлия́ть,影響する,動詞,влия́ть,повлия́ть,82,文法II,russian2;動詞対;不完了体;完了体;校正用,yes,no
app500_m0288,защища́ть — защити́ть,"答え：守る／保護する
品詞：動詞
不完了体：защища́ть
完了体：защити́ть
出典候補：第84回
状態：校正用・未確認",守る／保護する,защища́ть — защити́ть,守る／保護する,動詞,защища́ть,защити́ть,84,文法II,russian2;動詞対;不完了体;完了体;校正用,yes,no
app500_m0289,развива́ть — разви́ть,"答え：発展させる
品詞：動詞
不完了体：развива́ть
完了体：разви́ть
出典候補：第86回
状態：校正用・未確認",発展させる,развива́ть — разви́ть,発展させる,動詞,развива́ть,разви́ть,86,文法II,russian2;動詞対;不完了体;完了体;校正用,yes,no
app500_m0290,испо́льзовать — испо́льзовать,"答え：使用する
品詞：動詞
不完了体：испо́льзовать
完了体：испо́льзовать
出典候補：第60回
状態：校正用・未確認",使用する,испо́льзовать — испо́льзовать,使用する,動詞,испо́льзовать,испо́льзовать,60,文法II,russian2;動詞対;不完了体;完了体;校正用,yes,no
app500_m0291,пользова́ться — воспо́льзоваться,"答え：利用する
品詞：動詞
不完了体：пользова́ться
完了体：воспо́льзоваться
出典候補：第62回
状態：校正用・未確認",利用する,пользова́ться — воспо́льзоваться,利用する,動詞,пользова́ться,воспо́льзоваться,62,文法II,russian2;動詞対;不完了体;完了体;校正用,yes,no
app500_m0292,создава́ть — созда́ть,"答え：作る／創造する
品詞：動詞
不完了体：создава́ть
完了体：созда́ть
出典候補：第64回
状態：校正用・未確認",作る／創造する,создава́ть — созда́ть,作る／創造する,動詞,создава́ть,созда́ть,64,文法II,russian2;動詞対;不完了体;完了体;校正用,yes,no
app500_m0293,стро́ить — постро́ить,"答え：建てる／構築する
品詞：動詞
不完了体：стро́ить
完了体：постро́ить
出典候補：第66回
状態：校正用・未確認",建てる／構築する,стро́ить — постро́ить,建てる／構築する,動詞,стро́ить,постро́ить,66,文法II,russian2;動詞対;不完了体;完了体;校正用,yes,no
app500_m0294,расти́ — вы́расти,"答え：成長する／増える
品詞：動詞
不完了体：расти́
完了体：вы́расти
出典候補：第68回
状態：校正用・未確認",成長する／増える,расти́ — вы́расти,成長する／増える,動詞,расти́,вы́расти,68,文法II,russian2;動詞対;不完了体;完了体;校正用,yes,no
app500_m0295,страда́ть — пострада́ть,"答え：苦しむ／被害を受ける
品詞：動詞
不完了体：страда́ть
完了体：пострада́ть
出典候補：第72回
状態：校正用・未確認",苦しむ／被害を受ける,страда́ть — пострада́ть,苦しむ／被害を受ける,動詞,страда́ть,пострада́ть,72,文法II,russian2;動詞対;不完了体;完了体;校正用,yes,no
app500_m0296,интересова́ться — заинтересова́ться,"答え：興味を持つ
品詞：動詞
不完了体：интересова́ться
完了体：заинтересова́ться
出典候補：第74回
状態：校正用・未確認",興味を持つ,интересова́ться — заинтересова́ться,興味を持つ,動詞,интересова́ться,заинтересова́ться,74,文法II,russian2;動詞対;不完了体;完了体;校正用,yes,no
app500_m0297,улыба́ться — улыбну́ться,"答え：微笑む
品詞：動詞
不完了体：улыба́ться
完了体：улыбну́ться
出典候補：第78回
状態：校正用・未確認",微笑む,улыба́ться — улыбну́ться,微笑む,動詞,улыба́ться,улыбну́ться,78,文法II,russian2;動詞対;不完了体;完了体;校正用,yes,no
app500_m0298,пла́кать — запла́кать,"答え：泣く
品詞：動詞
不完了体：пла́кать
完了体：запла́кать
出典候補：第82回
状態：校正用・未確認",泣く,пла́кать — запла́кать,泣く,動詞,пла́кать,запла́кать,82,文法II,russian2;動詞対;不完了体;完了体;校正用,yes,no
app500_m0299,смея́ться — засмея́ться,"答え：笑う
品詞：動詞
不完了体：смея́ться
完了体：засмея́ться
出典候補：第84回
状態：校正用・未確認",笑う,смея́ться — засмея́ться,笑う,動詞,смея́ться,засмея́ться,84,文法II,russian2;動詞対;不完了体;完了体;校正用,yes,no
app500_m0300,мечта́ть — помечта́ть,"答え：夢見る
品詞：動詞
不完了体：мечта́ть
完了体：помечта́ть
出典候補：第86回
状態：校正用・未確認",夢見る,мечта́ть — помечта́ть,夢見る,動詞,мечта́ть,помечта́ть,86,文法II,russian2;動詞対;不完了体;完了体;校正用,yes,no
app500_m0301,наде́яться — понаде́яться,"答え：期待する／望む
品詞：動詞
不完了体：наде́яться
完了体：понаде́яться
出典候補：第60回
状態：校正用・未確認",期待する／望む,наде́яться — понаде́яться,期待する／望む,動詞,наде́яться,понаде́яться,60,文法II,russian2;動詞対;不完了体;完了体;校正用,yes,no
app500_m0302,понима́ть — поня́ть,"答え：理解する
品詞：動詞
不完了体：понима́ть
完了体：поня́ть
出典候補：第62回
状態：校正用・未確認",理解する,понима́ть — поня́ть,理解する,動詞,понима́ть,поня́ть,62,文法II,russian2;動詞対;不完了体;完了体;校正用,yes,no
app500_m0303,ду́мать — подумать,"答え：考える
品詞：動詞
不完了体：ду́мать
完了体：подумать
出典候補：第64回
状態：校正用・未確認",考える,ду́мать — подумать,考える,動詞,ду́мать,подумать,64,文法II,russian2;動詞対;不完了体;完了体;校正用,yes,no
app500_m0304,реша́ться — реши́ться,"答え：決心する
品詞：動詞
不完了体：реша́ться
完了体：реши́ться
出典候補：第66回
状態：校正用・未確認",決心する,реша́ться — реши́ться,決心する,動詞,реша́ться,реши́ться,66,文法II,russian2;動詞対;不完了体;完了体;校正用,yes,no
app500_m0305,обраща́ться — обрати́ться,"答え： обращать/обратиться：頼る／呼びかける
品詞：動詞
不完了体：обраща́ться
完了体：обрати́ться
出典候補：第68回
状態：校正用・未確認", обращать/обратиться：頼る／呼びかける,обраща́ться — обрати́ться, обращать/обратиться：頼る／呼びかける,動詞,обраща́ться,обрати́ться,68,文法II,russian2;動詞対;不完了体;完了体;校正用,yes,no
app500_m0306,свет,"答え：光
品詞：名詞
性：男性
出典候補：第78回
状態：校正用・未確認",光,свет,光,名詞,,,78,文法I/露文和訳/聴取,russian2;名詞;校正用,yes,no
app500_m0307,глаз,"答え：目
品詞：名詞
性：男性
出典候補：第82回
状態：校正用・未確認",目,глаз,目,名詞,,,82,文法I/露文和訳/聴取,russian2;名詞;校正用,yes,no
app500_m0308,цвет,"答え：色
品詞：名詞
性：男性
出典候補：第84回
状態：校正用・未確認",色,цвет,色,名詞,,,84,文法I/露文和訳/聴取,russian2;名詞;校正用,yes,no
app500_m0309,о́блако,"答え：雲
品詞：名詞
性：中性
出典候補：第60回
状態：校正用・未確認",雲,о́блако,雲,名詞,,,60,文法I/露文和訳/聴取,russian2;名詞;校正用,yes,no
app500_m0310,дождь,"答え：雨
品詞：名詞
性：男性
出典候補：第72回
状態：校正用・未確認",雨,дождь,雨,名詞,,,72,文法I/露文和訳/聴取,russian2;名詞;校正用,yes,no
app500_m0311,ве́тер,"答え：風
品詞：名詞
性：男性
出典候補：第74回
状態：校正用・未確認",風,ве́тер,風,名詞,,,74,文法I/露文和訳/聴取,russian2;名詞;校正用,yes,no
app500_m0312,бедствие,"答え：災害
品詞：名詞
性：中性
出典候補：第82回
状態：校正用・未確認",災害,бедствие,災害,名詞,,,82,文法I/露文和訳/聴取,russian2;名詞;校正用,yes,no
app500_m0313,прогно́з,"答え：予報
品詞：名詞
性：男性
出典候補：第62回
状態：校正用・未確認",予報,прогно́з,予報,名詞,,,62,文法I/露文和訳/聴取,russian2;名詞;校正用,yes,no
app500_m0314,форма,"答え：形式
品詞：名詞
性：女性
出典候補：第68回
状態：校正用・未確認",形式,форма,形式,名詞,,,68,文法I/露文和訳/聴取,russian2;名詞;校正用,yes,no
app500_m0315,запи́ска,"答え：メモ
品詞：名詞
性：女性
出典候補：第70回
状態：校正用・未確認",メモ,запи́ска,メモ,名詞,,,70,文法I/露文和訳/聴取,russian2;名詞;校正用,yes,no
app500_m0316,обще́ние,"答え：交流／コミュニケーション
品詞：名詞
性：中性
出典候補：第74回
状態：校正用・未確認",交流／コミュニケーション,обще́ние,交流／コミュニケーション,名詞,,,74,文法I/露文和訳/聴取,russian2;名詞;校正用,yes,no
app500_m0317,семья́,"答え：家族
品詞：名詞
性：女性
出典候補：第76回
状態：校正用・未確認",家族,семья́,家族,名詞,,,76,文法I/露文和訳/聴取,russian2;名詞;校正用,yes,no
app500_m0318,ребёнок,"答え：子ども
品詞：名詞
性：男性
出典候補：第82回
状態：校正用・未確認",子ども,ребёнок,子ども,名詞,,,82,文法I/露文和訳/聴取,russian2;名詞;校正用,yes,no
app500_m0319,море,"答え：海
品詞：名詞
性：中性
出典候補：第70回
状態：校正用・未確認",海,море,海,名詞,,,70,文法I/露文和訳/聴取,russian2;名詞;校正用,yes,no
app500_m0320,берег,"答え：岸
品詞：名詞
性：男性
出典候補：第74回
状態：校正用・未確認",岸,берег,岸,名詞,,,74,文法I/露文和訳/聴取,russian2;名詞;校正用,yes,no
app500_m0321,гора́,"答え：山
品詞：名詞
性：女性
出典候補：第76回
状態：校正用・未確認",山,гора́,山,名詞,,,76,文法I/露文和訳/聴取,russian2;名詞;校正用,yes,no
app500_m0322,верши́на,"答え：頂上
品詞：名詞
性：女性
出典候補：第78回
状態：校正用・未確認",頂上,верши́на,頂上,名詞,,,78,文法I/露文和訳/聴取,russian2;名詞;校正用,yes,no
app500_m0323,тури́зм,"答え：観光
品詞：名詞
性：男性
出典候補：第86回
状態：校正用・未確認",観光,тури́зм,観光,名詞,,,86,文法I/露文和訳/聴取,russian2;名詞;校正用,yes,no
app500_m0324,расстоя́ние,"答え：距離
品詞：名詞
性：中性
出典候補：第66回
状態：校正用・未確認",距離,расстоя́ние,距離,名詞,,,66,文法I/露文和訳/聴取,russian2;名詞;校正用,yes,no
app500_m0325,высота́,"答え：高さ
品詞：名詞
性：女性
出典候補：第68回
状態：校正用・未確認",高さ,высота́,高さ,名詞,,,68,文法I/露文和訳/聴取,russian2;名詞;校正用,yes,no
app500_m0326,центр,"答え：中心
品詞：名詞
性：男性
出典候補：第72回
状態：校正用・未確認",中心,центр,中心,名詞,,,72,文法I/露文和訳/聴取,russian2;名詞;校正用,yes,no
app500_m0327,ко́мната,"答え：部屋
品詞：名詞
性：女性
出典候補：第78回
状態：校正用・未確認",部屋,ко́мната,部屋,名詞,,,78,文法I/露文和訳/聴取,russian2;名詞;校正用,yes,no
app500_m0328,спа́льня,"答え：寝室
品詞：名詞
性：女性
出典候補：第82回
状態：校正用・未確認",寝室,спа́льня,寝室,名詞,,,82,文法I/露文和訳/聴取,russian2;名詞;校正用,yes,no
app500_m0329,ку́хня,"答え：台所
品詞：名詞
性：女性
出典候補：第84回
状態：校正用・未確認",台所,ку́хня,台所,名詞,,,84,文法I/露文和訳/聴取,russian2;名詞;校正用,yes,no
app500_m0330,шкаф,"答え：戸棚／クローゼット
品詞：名詞
性：男性
出典候補：第86回
状態：校正用・未確認",戸棚／クローゼット,шкаф,戸棚／クローゼット,名詞,,,86,文法I/露文和訳/聴取,russian2;名詞;校正用,yes,no
app500_m0331,полка,"答え：棚
品詞：名詞
性：女性
出典候補：第60回
状態：校正用・未確認",棚,полка,棚,名詞,,,60,文法I/露文和訳/聴取,russian2;名詞;校正用,yes,no
app500_m0332,стол,"答え：机
品詞：名詞
性：男性
出典候補：第62回
状態：校正用・未確認",机,стол,机,名詞,,,62,文法I/露文和訳/聴取,russian2;名詞;校正用,yes,no
app500_m0333,кровать,"答え：ベッド
品詞：名詞
性：女性
出典候補：第64回
状態：校正用・未確認",ベッド,кровать,ベッド,名詞,,,64,文法I/露文和訳/聴取,russian2;名詞;校正用,yes,no
app500_m0334,окно́,"答え：窓
品詞：名詞
性：中性
出典候補：第66回
状態：校正用・未確認",窓,окно́,窓,名詞,,,66,文法I/露文和訳/聴取,russian2;名詞;校正用,yes,no
app500_m0335,ва́за,"答え：花瓶
品詞：名詞
性：女性
出典候補：第68回
状態：校正用・未確認",花瓶,ва́за,花瓶,名詞,,,68,文法I/露文和訳/聴取,russian2;名詞;校正用,yes,no
app500_m0336,гита́ра,"答え：ギター
品詞：名詞
性：女性
出典候補：第70回
状態：校正用・未確認",ギター,гита́ра,ギター,名詞,,,70,文法I/露文和訳/聴取,russian2;名詞;校正用,yes,no
app500_m0337,шко́ла,"答え：学校
品詞：名詞
性：女性
出典候補：第74回
状態：校正用・未確認",学校,шко́ла,学校,名詞,,,74,文法I/露文和訳/聴取,russian2;名詞;校正用,yes,no
app500_m0338,образова́ние,"答え：教育
品詞：名詞
性：中性
出典候補：第76回
状態：校正用・未確認",教育,образова́ние,教育,名詞,,,76,文法I/露文和訳/聴取,russian2;名詞;校正用,yes,no
app500_m0339,грамотность,"答え：識字率
品詞：名詞
性：女性
出典候補：第82回
状態：校正用・未確認",識字率,грамотность,識字率,名詞,,,82,文法I/露文和訳/聴取,russian2;名詞;校正用,yes,no
app500_m0340,студе́нт,"答え：学生
品詞：名詞
性：男性
出典候補：第84回
状態：校正用・未確認",学生,студе́нт,学生,名詞,,,84,文法I/露文和訳/聴取,russian2;名詞;校正用,yes,no
app500_m0341,учени́к,"答え：生徒
品詞：名詞
性：男性
出典候補：第86回
状態：校正用・未確認",生徒,учени́к,生徒,名詞,,,86,文法I/露文和訳/聴取,russian2;名詞;校正用,yes,no
app500_m0342,конку́рс,"答え：コンクール
品詞：名詞
性：男性
出典候補：第66回
状態：校正用・未確認",コンクール,конку́рс,コンクール,名詞,,,66,文法I/露文和訳/聴取,russian2;名詞;校正用,yes,no
app500_m0343,музы́ка,"答え：音楽
品詞：名詞
性：女性
出典候補：第68回
状態：校正用・未確認",音楽,музы́ка,音楽,名詞,,,68,文法I/露文和訳/聴取,russian2;名詞;校正用,yes,no
app500_m0344,музыка́нт,"答え：音楽家
品詞：名詞
性：男性
出典候補：第70回
状態：校正用・未確認",音楽家,музыка́нт,音楽家,名詞,,,70,文法I/露文和訳/聴取,russian2;名詞;校正用,yes,no
app500_m0345,исполне́ние,"答え：演奏
品詞：名詞
性：中性
出典候補：第76回
状態：校正用・未確認",演奏,исполне́ние,演奏,名詞,,,76,文法I/露文和訳/聴取,russian2;名詞;校正用,yes,no
app500_m0346,ро́ждаемость,"答え：出生率
品詞：名詞
性：女性
出典候補：第84回
状態：校正用・未確認",出生率,ро́ждаемость,出生率,名詞,,,84,文法I/露文和訳/聴取,russian2;名詞;校正用,yes,no
app500_m0347,пе́нсия,"答え：年金
品詞：名詞
性：女性
出典候補：第60回
状態：校正用・未確認",年金,пе́нсия,年金,名詞,,,60,文法I/露文和訳/聴取,russian2;名詞;校正用,yes,no
app500_m0348,возраст,"答え：年齢
品詞：名詞
性：男性
出典候補：第64回
状態：校正用・未確認",年齢,возраст,年齢,名詞,,,64,文法I/露文和訳/聴取,russian2;名詞;校正用,yes,no
app500_m0349,рабо́чая си́ла,"答え：労働力
品詞：名詞句
性：女性
出典候補：第66回
状態：校正用・未確認",労働力,рабо́чая си́ла,労働力,名詞句,,,66,文法I/露文和訳/聴取,russian2;名詞;校正用,yes,no
app500_m0350,словари́,"答え：辞書類
品詞：名詞
数：複数
出典候補：第68回
状態：校正用・未確認",辞書類,словари́,辞書類,名詞,,,68,文法I/露文和訳/聴取,russian2;名詞;校正用,yes,no
app500_m0351,сло́во,"答え：単語
品詞：名詞
性：中性
出典候補：第70回
状態：校正用・未確認",単語,сло́во,単語,名詞,,,70,文法I/露文和訳/聴取,russian2;名詞;校正用,yes,no
app500_m0352,па́мять,"答え：記憶
品詞：名詞
性：女性
出典候補：第76回
状態：校正用・未確認",記憶,па́мять,記憶,名詞,,,76,文法I/露文和訳/聴取,russian2;名詞;校正用,yes,no
app500_m0353,оши́бка,"答え：誤り
品詞：名詞
性：女性
出典候補：第82回
状態：校正用・未確認",誤り,оши́бка,誤り,名詞,,,82,文法I/露文和訳/聴取,russian2;名詞;校正用,yes,no
app500_m0354,исправле́ние,"答え：修正
品詞：名詞
性：中性
出典候補：第84回
状態：校正用・未確認",修正,исправле́ние,修正,名詞,,,84,文法I/露文和訳/聴取,russian2;名詞;校正用,yes,no
app500_m0355,контро́льная рабо́та,"答え：小テスト／確認テスト
品詞：名詞句
性：女性
出典候補：第86回
状態：校正用・未確認",小テスト／確認テスト,контро́льная рабо́та,小テスト／確認テスト,名詞句,,,86,文法I/露文和訳/聴取,russian2;名詞;校正用,yes,no
app500_m0356,упражне́ние,"答え：練習問題
品詞：名詞
性：中性
出典候補：第60回
状態：校正用・未確認",練習問題,упражне́ние,練習問題,名詞,,,60,文法I/露文和訳/聴取,russian2;名詞;校正用,yes,no
app500_m0357,зада́ние,"答え：課題
品詞：名詞
性：中性
出典候補：第62回
状態：校正用・未確認",課題,зада́ние,課題,名詞,,,62,文法I/露文和訳/聴取,russian2;名詞;校正用,yes,no
app500_m0358,по́льза,"答え：利益／役立つこと
品詞：名詞
性：女性
出典候補：第66回
状態：校正用・未確認",利益／役立つこと,по́льза,利益／役立つこと,名詞,,,66,文法I/露文和訳/聴取,russian2;名詞;校正用,yes,no
app500_m0359,компью́тер,"答え：コンピュータ
品詞：名詞
性：男性
出典候補：第70回
状態：校正用・未確認",コンピュータ,компью́тер,コンピュータ,名詞,,,70,文法I/露文和訳/聴取,russian2;名詞;校正用,yes,no
app500_m0360,сайт,"答え：サイト
品詞：名詞
性：男性
出典候補：第74回
状態：校正用・未確認",サイト,сайт,サイト,名詞,,,74,文法I/露文和訳/聴取,russian2;名詞;校正用,yes,no
app500_m0361,приложе́ние,"答え：アプリ
品詞：名詞
性：中性
出典候補：第76回
状態：校正用・未確認",アプリ,приложе́ние,アプリ,名詞,,,76,文法I/露文和訳/聴取,russian2;名詞;校正用,yes,no
app500_m0362,да́нные,"答え：データ
品詞：名詞
数：複数
出典候補：第78回
状態：校正用・未確認",データ,да́нные,データ,名詞,,,78,文法I/露文和訳/聴取,russian2;名詞;校正用,yes,no
app500_m0363,файл,"答え：ファイル
品詞：名詞
性：男性
出典候補：第82回
状態：校正用・未確認",ファイル,файл,ファイル,名詞,,,82,文法I/露文和訳/聴取,russian2;名詞;校正用,yes,no
app500_m0364,ва́жный,"答え：重要な
品詞：形容詞
出典候補：第84回
状態：校正用・未確認",重要な,ва́жный,重要な,形容詞,,,84,文法I/和文露訳,russian2;形容詞;校正用,yes,no
app500_m0365,гла́вный,"答え：主要な
品詞：形容詞
出典候補：第86回
状態：校正用・未確認",主要な,гла́вный,主要な,形容詞,,,86,文法I/和文露訳,russian2;形容詞;校正用,yes,no
app500_m0366,осо́бый,"答え：特別な
品詞：形容詞
出典候補：第60回
状態：校正用・未確認",特別な,осо́бый,特別な,形容詞,,,60,文法I/和文露訳,russian2;形容詞;校正用,yes,no
app500_m0367,па́смурный,"答え：曇った
品詞：形容詞
出典候補：第66回
状態：校正用・未確認",曇った,па́смурный,曇った,形容詞,,,66,文法I/和文露訳,russian2;形容詞;校正用,yes,no
app500_m0368,благоприя́тный,"答え：好都合な
品詞：形容詞
出典候補：第68回
状態：校正用・未確認",好都合な,благоприя́тный,好都合な,形容詞,,,68,文法I/和文露訳,russian2;形容詞;校正用,yes,no
app500_m0369,све́жий,"答え：新鮮な
品詞：形容詞
出典候補：第70回
状態：校正用・未確認",新鮮な,све́жий,新鮮な,形容詞,,,70,文法I/和文露訳,russian2;形容詞;校正用,yes,no
app500_m0370,си́льный,"答え：強い
品詞：形容詞
出典候補：第72回
状態：校正用・未確認",強い,си́льный,強い,形容詞,,,72,文法I/和文露訳,russian2;形容詞;校正用,yes,no
app500_m0371,сла́бый,"答え：弱い
品詞：形容詞
出典候補：第74回
状態：校正用・未確認",弱い,сла́бый,弱い,形容詞,,,74,文法I/和文露訳,russian2;形容詞;校正用,yes,no
app500_m0372,то́чный,"答え：正確な
品詞：形容詞
出典候補：第76回
状態：校正用・未確認",正確な,то́чный,正確な,形容詞,,,76,文法I/和文露訳,russian2;形容詞;校正用,yes,no
app500_m0373,похо́жий,"答え：似ている
品詞：形容詞
出典候補：第78回
状態：校正用・未確認",似ている,похо́жий,似ている,形容詞,,,78,文法I/和文露訳,russian2;形容詞;校正用,yes,no
app500_m0374,разный,"答え：さまざまな／違う
品詞：形容詞
出典候補：第82回
状態：校正用・未確認",さまざまな／違う,разный,さまざまな／違う,形容詞,,,82,文法I/和文露訳,russian2;形容詞;校正用,yes,no
app500_m0375,одина́ковый,"答え：同じ
品詞：形容詞
出典候補：第84回
状態：校正用・未確認",同じ,одина́ковый,同じ,形容詞,,,84,文法I/和文露訳,russian2;形容詞;校正用,yes,no
app500_m0376,краси́вый,"答え：美しい
品詞：形容詞
出典候補：第86回
状態：校正用・未確認",美しい,краси́вый,美しい,形容詞,,,86,文法I/和文露訳,russian2;形容詞;校正用,yes,no
app500_m0377,изве́стный,"答え：有名な
品詞：形容詞
出典候補：第60回
状態：校正用・未確認",有名な,изве́стный,有名な,形容詞,,,60,文法I/和文露訳,russian2;形容詞;校正用,yes,no
app500_m0378,иностра́нный,"答え：外国の
品詞：形容詞
出典候補：第62回
状態：校正用・未確認",外国の,иностра́нный,外国の,形容詞,,,62,文法I/和文露訳,russian2;形容詞;校正用,yes,no
app500_m0379,ме́стный,"答え：現地の／地元の
品詞：形容詞
出典候補：第64回
状態：校正用・未確認",現地の／地元の,ме́стный,現地の／地元の,形容詞,,,64,文法I/和文露訳,russian2;形容詞;校正用,yes,no
app500_m0380,нача́льный,"答え：初級の
品詞：形容詞
出典候補：第66回
状態：校正用・未確認",初級の,нача́льный,初級の,形容詞,,,66,文法I/和文露訳,russian2;形容詞;校正用,yes,no
app500_m0381,сре́дний,"答え：中等の／平均の
品詞：形容詞
出典候補：第68回
状態：校正用・未確認",中等の／平均の,сре́дний,中等の／平均の,形容詞,,,68,文法I/和文露訳,russian2;形容詞;校正用,yes,no
app500_m0382,вы́сший,"答え：高等の
品詞：形容詞
出典候補：第70回
状態：校正用・未確認",高等の,вы́сший,高等の,形容詞,,,70,文法I/和文露訳,russian2;形容詞;校正用,yes,no
app500_m0383,обяза́тельный,"答え：義務的な
品詞：形容詞
出典候補：第72回
状態：校正用・未確認",義務的な,обяза́тельный,義務的な,形容詞,,,72,文法I/和文露訳,russian2;形容詞;校正用,yes,no
app500_m0384,коли́чественный,"答え：数量的な
品詞：形容詞
出典候補：第74回
状態：校正用・未確認",数量的な,коли́чественный,数量的な,形容詞,,,74,文法I/和文露訳,russian2;形容詞;校正用,yes,no
app500_m0385,ка́чественный,"答え：質的な
品詞：形容詞
出典候補：第76回
状態：校正用・未確認",質的な,ка́чественный,質的な,形容詞,,,76,文法I/和文露訳,russian2;形容詞;校正用,yes,no
app500_m0386,экономи́ческий,"答え：経済の
品詞：形容詞
出典候補：第78回
状態：校正用・未確認",経済の,экономи́ческий,経済の,形容詞,,,78,文法I/和文露訳,russian2;形容詞;校正用,yes,no
app500_m0387,социа́льный,"答え：社会の
品詞：形容詞
出典候補：第82回
状態：校正用・未確認",社会の,социа́льный,社会の,形容詞,,,82,文法I/和文露訳,russian2;形容詞;校正用,yes,no
app500_m0388,тру́дный,"答え：難しい
品詞：形容詞
出典候補：第84回
状態：校正用・未確認",難しい,тру́дный,難しい,形容詞,,,84,文法I/和文露訳,russian2;形容詞;校正用,yes,no
app500_m0389,лёгкий,"答え：軽い／簡単な
品詞：形容詞
出典候補：第86回
状態：校正用・未確認",軽い／簡単な,лёгкий,軽い／簡単な,形容詞,,,86,文法I/和文露訳,russian2;形容詞;校正用,yes,no
app500_m0390,тя́жёлый,"答え：重い／困難な
品詞：形容詞
出典候補：第60回
状態：校正用・未確認",重い／困難な,тя́жёлый,重い／困難な,形容詞,,,60,文法I/和文露訳,russian2;形容詞;校正用,yes,no
app500_m0391,поле́зный,"答え：役に立つ
品詞：形容詞
出典候補：第62回
状態：校正用・未確認",役に立つ,поле́зный,役に立つ,形容詞,,,62,文法I/和文露訳,russian2;形容詞;校正用,yes,no
app500_m0392,свобо́дный,"答え：自由な
品詞：形容詞
出典候補：第64回
状態：校正用・未確認",自由な,свобо́дный,自由な,形容詞,,,64,文法I/和文露訳,russian2;形容詞;校正用,yes,no
app500_m0393,си́стемный,"答え：体系的な
品詞：形容詞
出典候補：第66回
状態：校正用・未確認",体系的な,си́стемный,体系的な,形容詞,,,66,文法I/和文露訳,russian2;形容詞;校正用,yes,no
app500_m0394,ежедне́вный,"答え：毎日の
品詞：形容詞
出典候補：第68回
状態：校正用・未確認",毎日の,ежедне́вный,毎日の,形容詞,,,68,文法I/和文露訳,russian2;形容詞;校正用,yes,no
app500_m0395,коро́ткий,"答え：短い
品詞：形容詞
出典候補：第70回
状態：校正用・未確認",短い,коро́ткий,短い,形容詞,,,70,文法I/和文露訳,russian2;形容詞;校正用,yes,no
app500_m0396,дли́нный,"答え：長い
品詞：形容詞
出典候補：第72回
状態：校正用・未確認",長い,дли́нный,長い,形容詞,,,72,文法I/和文露訳,russian2;形容詞;校正用,yes,no
app500_m0397,уста́лый,"答え：疲れた
品詞：形容詞
出典候補：第74回
状態：校正用・未確認",疲れた,уста́лый,疲れた,形容詞,,,74,文法I/和文露訳,russian2;形容詞;校正用,yes,no
app500_m0398,споко́йный,"答え：落ち着いた
品詞：形容詞
出典候補：第76回
状態：校正用・未確認",落ち着いた,споко́йный,落ち着いた,形容詞,,,76,文法I/和文露訳,russian2;形容詞;校正用,yes,no
app500_m0399,ве́жливый,"答え：礼儀正しい
品詞：形容詞
出典候補：第78回
状態：校正用・未確認",礼儀正しい,ве́жливый,礼儀正しい,形容詞,,,78,文法I/和文露訳,russian2;形容詞;校正用,yes,no
app500_m0400,добрый,"答え：親切な
品詞：形容詞
出典候補：第82回
状態：校正用・未確認",親切な,добрый,親切な,形容詞,,,82,文法I/和文露訳,russian2;形容詞;校正用,yes,no
app500_m0401,стро́гий,"答え：厳しい
品詞：形容詞
出典候補：第84回
状態：校正用・未確認",厳しい,стро́гий,厳しい,形容詞,,,84,文法I/和文露訳,russian2;形容詞;校正用,yes,no
app500_m0402,совреме́нный,"答え：現代の
品詞：形容詞
出典候補：第86回
状態：校正用・未確認",現代の,совреме́нный,現代の,形容詞,,,86,文法I/和文露訳,russian2;形容詞;校正用,yes,no
app500_m0403,традицио́нный,"答え：伝統的な
品詞：形容詞
出典候補：第60回
状態：校正用・未確認",伝統的な,традицио́нный,伝統的な,形容詞,,,60,文法I/和文露訳,russian2;形容詞;校正用,yes,no
app500_m0404,приро́дный,"答え：自然の
品詞：形容詞
出典候補：第62回
状態：校正用・未確認",自然の,приро́дный,自然の,形容詞,,,62,文法I/和文露訳,russian2;形容詞;校正用,yes,no
app500_m0405,городско́й,"答え：都市の
品詞：形容詞
出典候補：第64回
状態：校正用・未確認",都市の,городско́й,都市の,形容詞,,,64,文法I/和文露訳,russian2;形容詞;校正用,yes,no
app500_m0406,сельский,"答え：農村の
品詞：形容詞
出典候補：第66回
状態：校正用・未確認",農村の,сельский,農村の,形容詞,,,66,文法I/和文露訳,russian2;形容詞;校正用,yes,no
app500_m0407,се́верный,"答え：北の
品詞：形容詞
出典候補：第68回
状態：校正用・未確認",北の,се́верный,北の,形容詞,,,68,文法I/和文露訳,russian2;形容詞;校正用,yes,no
app500_m0408,ю́жный,"答え：南の
品詞：形容詞
出典候補：第70回
状態：校正用・未確認",南の,ю́жный,南の,形容詞,,,70,文法I/和文露訳,russian2;形容詞;校正用,yes,no
app500_m0409,во́сточный,"答え：東の
品詞：形容詞
出典候補：第72回
状態：校正用・未確認",東の,во́сточный,東の,形容詞,,,72,文法I/和文露訳,russian2;形容詞;校正用,yes,no
app500_m0410,за́падный,"答え：西の
品詞：形容詞
出典候補：第74回
状態：校正用・未確認",西の,за́падный,西の,形容詞,,,74,文法I/和文露訳,russian2;形容詞;校正用,yes,no
app500_m0411,ле́тний,"答え：夏の
品詞：形容詞
出典候補：第76回
状態：校正用・未確認",夏の,ле́тний,夏の,形容詞,,,76,文法I/和文露訳,russian2;形容詞;校正用,yes,no
app500_m0412,зи́мний,"答え：冬の
品詞：形容詞
出典候補：第78回
状態：校正用・未確認",冬の,зи́мний,冬の,形容詞,,,78,文法I/和文露訳,russian2;形容詞;校正用,yes,no
app500_m0413,в де́йствительности,"答え：実際には
品詞：表現
出典候補：第86回
状態：校正用・未確認",実際には,в де́йствительности,実際には,表現,,,86,露文和訳/和文露訳/口頭作文,russian2;表現;作文;校正用,yes,no
app500_m0414,по сравне́нию с ...,"答え：〜と比べて
品詞：表現
出典候補：第60回
状態：校正用・未確認",〜と比べて,по сравне́нию с ...,〜と比べて,表現,,,60,露文和訳/和文露訳/口頭作文,russian2;表現;作文;校正用,yes,no
app500_m0415,в отли́чие от ...,"答え：〜とは違って
品詞：表現
出典候補：第62回
状態：校正用・未確認",〜とは違って,в отли́чие от ...,〜とは違って,表現,,,62,露文和訳/和文露訳/口頭作文,russian2;表現;作文;校正用,yes,no
app500_m0416,в свя́зи с ...,"答え：〜に関連して／〜のために
品詞：表現
出典候補：第64回
状態：校正用・未確認",〜に関連して／〜のために,в свя́зи с ...,〜に関連して／〜のために,表現,,,64,露文和訳/和文露訳/口頭作文,russian2;表現;作文;校正用,yes,no
app500_m0417,благодаря́ ...,"答え：〜のおかげで
品詞：表現
出典候補：第66回
状態：校正用・未確認",〜のおかげで,благодаря́ ...,〜のおかげで,表現,,,66,露文和訳/和文露訳/口頭作文,russian2;表現;作文;校正用,yes,no
app500_m0418,из-за ...,"答え：〜のせいで
品詞：表現
出典候補：第68回
状態：校正用・未確認",〜のせいで,из-за ...,〜のせいで,表現,,,68,露文和訳/和文露訳/口頭作文,russian2;表現;作文;校正用,yes,no
app500_m0419,с тру́дом,"答え：苦労して
品詞：表現
出典候補：第72回
状態：校正用・未確認",苦労して,с тру́дом,苦労して,表現,,,72,露文和訳/和文露訳/口頭作文,russian2;表現;作文;校正用,yes,no
app500_m0420,с интере́сом,"答え：興味を持って
品詞：表現
出典候補：第74回
状態：校正用・未確認",興味を持って,с интере́сом,興味を持って,表現,,,74,露文和訳/和文露訳/口頭作文,russian2;表現;作文;校正用,yes,no
app500_m0421,к сожале́нию,"答え：残念ながら
品詞：表現
出典候補：第76回
状態：校正用・未確認",残念ながら,к сожале́нию,残念ながら,表現,,,76,露文和訳/和文露訳/口頭作文,russian2;表現;作文;校正用,yes,no
app500_m0422,к сча́стью,"答え：幸いにも
品詞：表現
出典候補：第78回
状態：校正用・未確認",幸いにも,к сча́стью,幸いにも,表現,,,78,露文和訳/和文露訳/口頭作文,russian2;表現;作文;校正用,yes,no
app500_m0423,пре́жде всего́,"答え：まず第一に
品詞：表現
出典候補：第82回
状態：校正用・未確認",まず第一に,пре́жде всего́,まず第一に,表現,,,82,露文和訳/和文露訳/口頭作文,russian2;表現;作文;校正用,yes,no
app500_m0424,кро́ме того́,"答え：そのほかに
品詞：表現
出典候補：第84回
状態：校正用・未確認",そのほかに,кро́ме того́,そのほかに,表現,,,84,露文和訳/和文露訳/口頭作文,russian2;表現;作文;校正用,yes,no
app500_m0425,поэ́тому,"答え：したがって
品詞：表現
出典候補：第86回
状態：校正用・未確認",したがって,поэ́тому,したがって,表現,,,86,露文和訳/和文露訳/口頭作文,russian2;表現;作文;校正用,yes,no
app500_m0426,одна́ко,"答え：しかし
品詞：表現
出典候補：第60回
状態：校正用・未確認",しかし,одна́ко,しかし,表現,,,60,露文和訳/和文露訳/口頭作文,russian2;表現;作文;校正用,yes,no
app500_m0427,наприме́р,"答え：例えば
品詞：表現
出典候補：第62回
状態：校正用・未確認",例えば,наприме́р,例えば,表現,,,62,露文和訳/和文露訳/口頭作文,russian2;表現;作文;校正用,yes,no
app500_m0428,таки́м о́бразом,"答え：このようにして
品詞：表現
出典候補：第64回
状態：校正用・未確認",このようにして,таки́м о́бразом,このようにして,表現,,,64,露文和訳/和文露訳/口頭作文,russian2;表現;作文;校正用,yes,no
app500_m0429,в тече́ние ...,"答え：〜の間
品詞：表現
出典候補：第66回
状態：校正用・未確認",〜の間,в тече́ние ...,〜の間,表現,,,66,露文和訳/和文露訳/口頭作文,russian2;表現;作文;校正用,yes,no
app500_m0430,во вре́мя ...,"答え：〜の間に
品詞：表現
出典候補：第68回
状態：校正用・未確認",〜の間に,во вре́мя ...,〜の間に,表現,,,68,露文和訳/和文露訳/口頭作文,russian2;表現;作文;校正用,yes,no
app500_m0431,до сих пор,"答え：今まで
品詞：表現
出典候補：第70回
状態：校正用・未確認",今まで,до сих пор,今まで,表現,,,70,露文和訳/和文露訳/口頭作文,russian2;表現;作文;校正用,yes,no
app500_m0432,с тех пор,"答え：それ以来
品詞：表現
出典候補：第72回
状態：校正用・未確認",それ以来,с тех пор,それ以来,表現,,,72,露文和訳/和文露訳/口頭作文,russian2;表現;作文;校正用,yes,no
app500_m0433,каждый день,"答え：毎日
品詞：表現
出典候補：第74回
状態：校正用・未確認",毎日,каждый день,毎日,表現,,,74,露文和訳/和文露訳/口頭作文,russian2;表現;作文;校正用,yes,no
app500_m0434,не́сколько раз,"答え：数回
品詞：表現
出典候補：第76回
状態：校正用・未確認",数回,не́сколько раз,数回,表現,,,76,露文和訳/和文露訳/口頭作文,russian2;表現;作文;校正用,yes,no
app500_m0435,мно́го раз,"答え：何度も
品詞：表現
出典候補：第78回
状態：校正用・未確認",何度も,мно́го раз,何度も,表現,,,78,露文和訳/和文露訳/口頭作文,russian2;表現;作文;校正用,yes,no
app500_m0436,с одно́й стороны́,"答え：一方では
品詞：表現
出典候補：第82回
状態：校正用・未確認",一方では,с одно́й стороны́,一方では,表現,,,82,露文和訳/和文露訳/口頭作文,russian2;表現;作文;校正用,yes,no
app500_m0437,с друго́й стороны́,"答え：他方では
品詞：表現
出典候補：第84回
状態：校正用・未確認",他方では,с друго́й стороны́,他方では,表現,,,84,露文和訳/和文露訳/口頭作文,russian2;表現;作文;校正用,yes,no
app500_m0438,по мо́ему мне́нию,"答え：私の意見では
品詞：表現
出典候補：第86回
状態：校正用・未確認",私の意見では,по мо́ему мне́нию,私の意見では,表現,,,86,露文和訳/和文露訳/口頭作文,russian2;表現;作文;校正用,yes,no
app500_m0439,"мо́жно сказа́ть, что ...","答え：〜と言える
品詞：表現
出典候補：第60回
状態：校正用・未確認",〜と言える,"мо́жно сказа́ть, что ...",〜と言える,表現,,,60,露文和訳/和文露訳/口頭作文,russian2;表現;作文;校正用,yes,no
app500_m0440,"ну́жно отме́тить, что ...","答え：〜を指摘する必要がある
品詞：表現
出典候補：第62回
状態：校正用・未確認",〜を指摘する必要がある,"ну́жно отме́тить, что ...",〜を指摘する必要がある,表現,,,62,露文和訳/和文露訳/口頭作文,russian2;表現;作文;校正用,yes,no
app500_m0441,име́ть значе́ние,"答え：意味がある／重要である
品詞：表現
出典候補：第64回
状態：校正用・未確認",意味がある／重要である,име́ть значе́ние,意味がある／重要である,表現,,,64,露文和訳/和文露訳/口頭作文,russian2;表現;作文;校正用,yes,no
app500_m0442,игра́ть роль,"答え：役割を果たす
品詞：表現
出典候補：第66回
状態：校正用・未確認",役割を果たす,игра́ть роль,役割を果たす,表現,,,66,露文和訳/和文露訳/口頭作文,russian2;表現;作文;校正用,yes,no
app500_m0443,обраща́ть внима́ние на ...,"答え：〜に注意を払う
品詞：表現
出典候補：第68回
状態：校正用・未確認",〜に注意を払う,обраща́ть внима́ние на ...,〜に注意を払う,表現,,,68,露文和訳/和文露訳/口頭作文,russian2;表現;作文;校正用,yes,no
app500_m0444,принима́ть учáстие в ...,"答え：〜に参加する
品詞：表現
出典候補：第70回
状態：校正用・未確認",〜に参加する,принима́ть учáстие в ...,〜に参加する,表現,,,70,露文和訳/和文露訳/口頭作文,russian2;表現;作文;校正用,yes,no
app500_m0445,сдава́ть экза́мен,"答え：試験を受ける
品詞：表現
出典候補：第72回
状態：校正用・未確認",試験を受ける,сдава́ть экза́мен,試験を受ける,表現,,,72,露文和訳/和文露訳/口頭作文,russian2;表現;作文;校正用,yes,no
app500_m0446,получа́ть оце́нку,"答え：評価を受ける
品詞：表現
出典候補：第74回
状態：校正用・未確認",評価を受ける,получа́ть оце́нку,評価を受ける,表現,,,74,露文和訳/和文露訳/口頭作文,russian2;表現;作文;校正用,yes,no
app500_m0447,проводить ка́никулы,"答え：休暇を過ごす
品詞：表現
出典候補：第76回
状態：校正用・未確認",休暇を過ごす,проводить ка́никулы,休暇を過ごす,表現,,,76,露文和訳/和文露訳/口頭作文,russian2;表現;作文;校正用,yes,no
app500_m0448,пользоваться компью́тером,"答え：コンピュータを使う
品詞：表現
出典候補：第78回
状態：校正用・未確認",コンピュータを使う,пользоваться компью́тером,コンピュータを使う,表現,,,78,露文和訳/和文露訳/口頭作文,russian2;表現;作文;校正用,yes,no
app500_m0449,ограни́чивать вре́мя,"答え：時間を制限する
品詞：表現
出典候補：第82回
状態：校正用・未確認",時間を制限する,ограни́чивать вре́мя,時間を制限する,表現,,,82,露文和訳/和文露訳/口頭作文,russian2;表現;作文;校正用,yes,no
app500_m0450,делать оши́бки,"答え：間違いをする
品詞：表現
出典候補：第84回
状態：校正用・未確認",間違いをする,делать оши́бки,間違いをする,表現,,,84,露文和訳/和文露訳/口頭作文,russian2;表現;作文;校正用,yes,no
app500_m0451,исправля́ть оши́бки,"答え：間違いを直す
品詞：表現
出典候補：第86回
状態：校正用・未確認",間違いを直す,исправля́ть оши́бки,間違いを直す,表現,,,86,露文和訳/和文露訳/口頭作文,russian2;表現;作文;校正用,yes,no
app500_m0452,учить слова́,"答え：単語を覚える
品詞：表現
出典候補：第60回
状態：校正用・未確認",単語を覚える,учить слова́,単語を覚える,表現,,,60,露文和訳/和文露訳/口頭作文,russian2;表現;作文;校正用,yes,no
app500_m0453,говорить по-ру́сски,"答え：ロシア語で話す
品詞：表現
出典候補：第62回
状態：校正用・未確認",ロシア語で話す,говорить по-ру́сски,ロシア語で話す,表現,,,62,露文和訳/和文露訳/口頭作文,russian2;表現;作文;校正用,yes,no
app500_m0454,писать письмо́,"答え：手紙を書く
品詞：表現
出典候補：第64回
状態：校正用・未確認",手紙を書く,писать письмо́,手紙を書く,表現,,,64,露文和訳/和文露訳/口頭作文,russian2;表現;作文;校正用,yes,no
app500_m0455,читать вслух,"答え：音読する
品詞：表現
出典候補：第66回
状態：校正用・未確認",音読する,читать вслух,音読する,表現,,,66,露文和訳/和文露訳/口頭作文,russian2;表現;作文;校正用,yes,no
app500_m0456,слушать те́кст,"答え：テキストを聞く
品詞：表現
出典候補：第68回
状態：校正用・未確認",テキストを聞く,слушать те́кст,テキストを聞く,表現,,,68,露文和訳/和文露訳/口頭作文,russian2;表現;作文;校正用,yes,no
app500_m0457,отвеча́ть на вопро́с,"答え：質問に答える
品詞：表現
出典候補：第70回
状態：校正用・未確認",質問に答える,отвеча́ть на вопро́с,質問に答える,表現,,,70,露文和訳/和文露訳/口頭作文,russian2;表現;作文;校正用,yes,no
app500_m0458,задава́ть вопро́с,"答え：質問する
品詞：表現
出典候補：第72回
状態：校正用・未確認",質問する,задава́ть вопро́с,質問する,表現,,,72,露文和訳/和文露訳/口頭作文,russian2;表現;作文;校正用,yes,no
app500_m0459,ехать на по́езде,"答え：列車で行く
品詞：表現
出典候補：第74回
状態：校正用・未確認",列車で行く,ехать на по́езде,列車で行く,表現,,,74,露文和訳/和文露訳/口頭作文,russian2;表現;作文;校正用,yes,no
app500_m0460,идти пешко́м,"答え：徒歩で行く
品詞：表現
出典候補：第76回
状態：校正用・未確認",徒歩で行く,идти пешко́м,徒歩で行く,表現,,,76,露文和訳/和文露訳/口頭作文,russian2;表現;作文;校正用,yes,no
app500_m0461,жить в общежи́тии,"答え：寮に住む
品詞：表現
出典候補：第78回
状態：校正用・未確認",寮に住む,жить в общежи́тии,寮に住む,表現,,,78,露文和訳/和文露訳/口頭作文,russian2;表現;作文;校正用,yes,no
app500_m0462,снима́ть кварти́ру,"答え：アパートを借りる
品詞：表現
出典候補：第82回
状態：校正用・未確認",アパートを借りる,снима́ть кварти́ру,アパートを借りる,表現,,,82,露文和訳/和文露訳/口頭作文,russian2;表現;作文;校正用,yes,no
app500_m0463,занима́ться ру́сским языко́м,"答え：ロシア語を勉強する
品詞：表現
出典候補：第84回
状態：校正用・未確認",ロシア語を勉強する,занима́ться ру́сским языко́м,ロシア語を勉強する,表現,,,84,露文和訳/和文露訳/口頭作文,russian2;表現;作文;校正用,yes,no
app500_m0464,в тече́ние ле́та,"答え：夏の間
品詞：数詞表現
出典候補：第86回
状態：校正用・未確認",夏の間,в тече́ние ле́та,夏の間,数詞表現,,,86,文法III,russian2;数詞;数量表現;校正用,yes,no
app500_m0465,с 1 ию́ля по 10 сентября́,"答え：7月1日から9月10日まで
品詞：数詞表現
出典候補：第60回
状態：校正用・未確認",7月1日から9月10日まで,с 1 ию́ля по 10 сентября́,7月1日から9月10日まで,数詞表現,,,60,文法III,russian2;数詞;数量表現;校正用,yes,no
app500_m0466,бо́лее ста киломе́тров,"答え：100キロメートル以上
品詞：数詞表現
出典候補：第62回
状態：校正用・未確認",100キロメートル以上,бо́лее ста киломе́тров,100キロメートル以上,数詞表現,,,62,文法III,russian2;数詞;数量表現;校正用,yes,no
app500_m0467,око́ло двух ты́сяч иен,"答え：約2000円
品詞：数詞表現
出典候補：第64回
状態：校正用・未確認",約2000円,око́ло двух ты́сяч иен,約2000円,数詞表現,,,64,文法III,russian2;数詞;数量表現;校正用,yes,no
app500_m0468,бо́льше четырёх ты́сяч челове́к,"答え：4000人を超える人々
品詞：数詞表現
出典候補：第66回
状態：校正用・未確認",4000人を超える人々,бо́льше четырёх ты́сяч челове́к,4000人を超える人々,数詞表現,,,66,文法III,russian2;数詞;数量表現;校正用,yes,no
app500_m0469,три ты́сячи семьсо́т семьдеся́т шесть ме́тров,"答え：3776メートル
品詞：数詞表現
出典候補：第68回
状態：校正用・未確認",3776メートル,три ты́сячи семьсо́т семьдеся́т шесть ме́тров,3776メートル,数詞表現,,,68,文法III,russian2;数詞;数量表現;校正用,yes,no
app500_m0470,две ты́сячи два́дцать тре́тий год,"答え：2023年
品詞：数詞表現
出典候補：第70回
状態：校正用・未確認",2023年,две ты́сячи два́дцать тре́тий год,2023年,数詞表現,,,70,文法III,russian2;数詞;数量表現;校正用,yes,no
app500_m0471,двести два́дцать одна́ ты́сяча челове́к,"答え：22万1千人
品詞：数詞表現
出典候補：第72回
状態：校正用・未確認",22万1千人,двести два́дцать одна́ ты́сяча челове́к,22万1千人,数詞表現,,,72,文法III,russian2;数詞;数量表現;校正用,yes,no
app500_m0472,пять челове́к,"答え：5人
品詞：数詞表現
出典候補：第74回
状態：校正用・未確認",5人,пять челове́к,5人,数詞表現,,,74,文法III,russian2;数詞;数量表現;校正用,yes,no
app500_m0473,шесть тури́стов,"答え：6人の観光客
品詞：数詞表現
出典候補：第76回
状態：校正用・未確認",6人の観光客,шесть тури́стов,6人の観光客,数詞表現,,,76,文法III,russian2;数詞;数量表現;校正用,yes,no
app500_m0474,три писа́теля,"答え：3人の作家
品詞：数詞表現
出典候補：第78回
状態：校正用・未確認",3人の作家,три писа́теля,3人の作家,数詞表現,,,78,文法III,russian2;数詞;数量表現;校正用,yes,no
app500_m0475,о́ба бе́рега,"答え：両岸
品詞：数詞表現
出典候補：第82回
状態：校正用・未確認",両岸,о́ба бе́рега,両岸,数詞表現,,,82,文法III,russian2;数詞;数量表現;校正用,yes,no
app500_m0476,все тро́е,"答え：3人全員
品詞：数詞表現
出典候補：第84回
状態：校正用・未確認",3人全員,все тро́е,3人全員,数詞表現,,,84,文法III,russian2;数詞;数量表現;校正用,yes,no
app500_m0477,две све́жие газе́ты,"答え：2部の新しい新聞
品詞：数詞表現
出典候補：第86回
状態：校正用・未確認",2部の新しい新聞,две све́жие газе́ты,2部の新しい新聞,数詞表現,,,86,文法III,russian2;数詞;数量表現;校正用,yes,no
app500_m0478,во́семь часо́в,"答え：8時
品詞：数詞表現
出典候補：第60回
状態：校正用・未確認",8時,во́семь часо́в,8時,数詞表現,,,60,文法III,russian2;数詞;数量表現;校正用,yes,no
app500_m0479,обе руки́,"答え：両手
品詞：数詞表現
出典候補：第62回
状態：校正用・未確認",両手,обе руки́,両手,数詞表現,,,62,文法III,russian2;数詞;数量表現;校正用,yes,no
app500_m0480,четы́рнадцать ты́сяч пятьсо́т иен,"答え：14,500円
品詞：数詞表現
出典候補：第64回
状態：校正用・未確認","14,500円",четы́рнадцать ты́сяч пятьсо́т иен,"14,500円",数詞表現,,,64,文法III,russian2;数詞;数量表現;校正用,yes,no
app500_m0481,пять япо́нских студе́нток,"答え：5人の日本人女子学生
品詞：数詞表現
出典候補：第66回
状態：校正用・未確認",5人の日本人女子学生,пять япо́нских студе́нток,5人の日本人女子学生,数詞表現,,,66,文法III,russian2;数詞;数量表現;校正用,yes,no
app500_m0482,сто шестьдеся́т киломе́тров,"答え：160キロメートル
品詞：数詞表現
出典候補：第68回
状態：校正用・未確認",160キロメートル,сто шестьдеся́т киломе́тров,160キロメートル,数詞表現,,,68,文法III,russian2;数詞;数量表現;校正用,yes,no
app500_m0483,три но́вых магази́на,"答え：3つの新しい店
品詞：数詞表現
出典候補：第70回
状態：校正用・未確認",3つの新しい店,три но́вых магази́на,3つの新しい店,数詞表現,,,70,文法III,russian2;数詞;数量表現;校正用,yes,no
app500_m0484,только нас тро́е,"答え：私たち3人だけ
品詞：数詞表現
出典候補：第72回
状態：校正用・未確認",私たち3人だけ,только нас тро́е,私たち3人だけ,数詞表現,,,72,文法III,russian2;数詞;数量表現;校正用,yes,no
app500_m0485,с обе́их сторо́н,"答え：両側から
品詞：数詞表現
出典候補：第74回
状態：校正用・未確認",両側から,с обе́их сторо́н,両側から,数詞表現,,,74,文法III,russian2;数詞;数量表現;校正用,yes,no
app500_m0486,двести ты́сяч иен,"答え：200,000円
品詞：数詞表現
出典候補：第76回
状態：校正用・未確認","200,000円",двести ты́сяч иен,"200,000円",数詞表現,,,76,文法III,russian2;数詞;数量表現;校正用,yes,no
app500_m0487,написа́вший,"答え：書いた
品詞：形動詞
出典候補：第82回
状態：校正用・未確認",書いた,написа́вший,書いた,形動詞,,,82,文法IV,russian2;形動詞;副動詞;校正用,yes,no
app500_m0488,выходя́щий,"答え：出ている／発行されている
品詞：形動詞
出典候補：第60回
状態：校正用・未確認",出ている／発行されている,выходя́щий,出ている／発行されている,形動詞,,,60,文法IV,russian2;形動詞;副動詞;校正用,yes,no
app500_m0489,со́зданный,"答え：作られた
品詞：形動詞
出典候補：第64回
状態：校正用・未確認",作られた,со́зданный,作られた,形動詞,,,64,文法IV,russian2;形動詞;副動詞;校正用,yes,no
app500_m0490,уча́сь,"答え：勉強しながら
品詞：形動詞
出典候補：第70回
状態：校正用・未確認",勉強しながら,уча́сь,勉強しながら,形動詞,,,70,文法IV,russian2;形動詞;副動詞;校正用,yes,no
app500_m0491,выходя́,"答え：出ながら
品詞：形動詞
出典候補：第72回
状態：校正用・未確認",出ながら,выходя́,出ながら,形動詞,,,72,文法IV,russian2;形動詞;副動詞;校正用,yes,no
app500_m0492,перейдя́,"答え：移って／渡って
品詞：形動詞
出典候補：第74回
状態：校正用・未確認",移って／渡って,перейдя́,移って／渡って,形動詞,,,74,文法IV,russian2;形動詞;副動詞;校正用,yes,no
app500_m0493,отвеча́я,"答え：答えながら
品詞：副動詞
出典候補：第76回
状態：校正用・未確認",答えながら,отвеча́я,答えながら,副動詞,,,76,文法IV,russian2;形動詞;副動詞;校正用,yes,no
app500_m0494,отдыха́я,"答え：休みながら
品詞：副動詞
出典候補：第84回
状態：校正用・未確認",休みながら,отдыха́я,休みながら,副動詞,,,84,文法IV,russian2;形動詞;副動詞;校正用,yes,no
app500_m0495,написа́в,"答え：書いてから
品詞：副動詞
出典候補：第86回
状態：校正用・未確認",書いてから,написа́в,書いてから,副動詞,,,86,文法IV,russian2;形動詞;副動詞;校正用,yes,no
app500_m0496,часть,"答え：部分
品詞：名詞
性：女性
出典候補：第62回
状態：校正用・未確認",部分,часть,部分,名詞,,,62,語彙/作文,russian2;基礎重要語;校正用,yes,no
app500_m0497,сторона́,"答え：側／方面
品詞：名詞
性：女性
出典候補：第64回
状態：校正用・未確認",側／方面,сторона́,側／方面,名詞,,,64,語彙/作文,russian2;基礎重要語;校正用,yes,no
app500_m0498,причи́на,"答え：理由／原因
品詞：名詞
性：女性
出典候補：第66回
状態：校正用・未確認",理由／原因,причи́на,理由／原因,名詞,,,66,語彙/作文,russian2;基礎重要語;校正用,yes,no
app500_m0499,результа́т,"答え：結果
品詞：名詞
性：男性
出典候補：第68回
状態：校正用・未確認",結果,результа́т,結果,名詞,,,68,語彙/作文,russian2;基礎重要語;校正用,yes,no
app500_m0500,усло́вие,"答え：条件
品詞：名詞
性：中性
出典候補：第70回
状態：校正用・未確認",条件,усло́вие,条件,名詞,,,70,語彙/作文,russian2;基礎重要語;校正用,yes,no
